{
    "Train MSE": 0.10011056923342966,
    "Train MAE": 0.26218731523878996,
    "Train MRE": 0.006993156172586102,
    "Train Error": -0.002610817813947519,
    "Train STD": 0.3163917711694981,
    "Train Error+2STD": 0.6301727245250487,
    "Val MSE": 0.10858762750382532,
    "Val MAE": 0.2795812083734036,
    "Val MRE": 0.007454723023373147,
    "Val Error": 0.0011570889478558278,
    "Val STD": 0.3295243369600978,
    "Val Error+2STD": 0.6602057628680514,
    "Test MSE": 0.10130785244360888,
    "Test MAE": 0.26019162430553566,
    "Test MRE": 0.006947655083931793,
    "Test Error": -0.025651185647574435,
    "Test STD": 0.3172536353116896,
    "Test Error+2STD": 0.6088560849758048
}