{
    "Train MSE": 0.10060834273386653,
    "Train MAE": 0.26557135488197897,
    "Train MRE": 0.007083635141874863,
    "Train Error": -0.004507105355984154,
    "Train STD": 0.31715615828039123,
    "Train Error+2STD": 0.6298052112047983,
    "Val MSE": 0.10894063909110789,
    "Val MAE": 0.28206162469375984,
    "Val MRE": 0.007521697038684607,
    "Val Error": -0.002881172031889283,
    "Val STD": 0.33004899324014086,
    "Val Error+2STD": 0.6572168144483924,
    "Test MSE": 0.10226987985258766,
    "Test MAE": 0.26488388576966004,
    "Test MRE": 0.007073009631539291,
    "Test Error": -0.028596731810447903,
    "Test STD": 0.31851547337978564,
    "Test Error+2STD": 0.6084342149491234
}