{
    "Train MSE": 0.10092898179995154,
    "Train MAE": 0.2668192992741022,
    "Train MRE": 0.007116781363339277,
    "Train STD": 0.3176718354458289,
    "Train MAE+2STD": 0.90216297016576,
    "Val MSE": 0.1091701391407333,
    "Val MAE": 0.28284507302660716,
    "Val MRE": 0.007542544579977162,
    "Val STD": 0.3303984346778877,
    "Val MAE+2STD": 0.9436419423823825,
    "Test MSE": 0.10241972080305693,
    "Test MAE": 0.26584689313183385,
    "Test MRE": 0.007098610757159642,
    "Test STD": 0.3188023409918405,
    "Test MAE+2STD": 0.9034515751155149
}