{
    "Train MSE": 0.10060834273386653,
    "Train MAE": 0.26557135488197897,
    "Train MRE": 0.007083635141874863,
    "Train STD": 0.31715615828039123,
    "Train MAE+2STD": 0.8998836714427614,
    "Val MSE": 0.10894063909110789,
    "Val MAE": 0.28206162469375984,
    "Val MRE": 0.007521697038684607,
    "Val STD": 0.33004899324014086,
    "Val MAE+2STD": 0.9421596111740416,
    "Test MSE": 0.10226987985258766,
    "Test MAE": 0.26488388576966004,
    "Test MRE": 0.007073009631539291,
    "Test STD": 0.31851547337978564,
    "Test MAE+2STD": 0.9019148325292313
}