{
    "Train MSE": 0.10046518107885778,
    "Train MAE": 0.2635832483006686,
    "Train MRE": 0.007030308737484073,
    "Train STD": 0.31695062413941716,
    "Train MAE+2STD": 0.8974844965795029,
    "Val MSE": 0.10901637752508657,
    "Val MAE": 0.28073050006328454,
    "Val MRE": 0.007485809613747898,
    "Val STD": 0.33017617054967136,
    "Val MAE+2STD": 0.9410828411626273,
    "Test MSE": 0.10223406597415735,
    "Test MAE": 0.26257518363803994,
    "Test MRE": 0.007011040916616919,
    "Test STD": 0.31867520243121383,
    "Test MAE+2STD": 0.8999255885004676
}