{
    "Train MSE": 3.0149695877324584e-05,
    "Train MAE": 0.002695246336665747,
    "Train MRE": 7.18614668077016e-05,
    "Train Error": 5.172934318668804e-05,
    "Train STD": 0.005490630196286948,
    "Train Error+2STD": 0.011032989735760584,
    "Val MSE": 0.0016352668015901645,
    "Val MAE": 0.0269500804074363,
    "Val MRE": 0.0007181917439500859,
    "Val Error": 0.0025479124826324126,
    "Val STD": 0.04035808399281376,
    "Val Error+2STD": 0.08326408046825992,
    "Test MSE": 0.001401507620389288,
    "Test MAE": 0.024515527065632335,
    "Test MRE": 0.0006545566759529335,
    "Test Error": -0.0012954645298842234,
    "Test STD": 0.03741429395352931,
    "Test Error+2STD": 0.0735331233771744
}