{
    "Train MSE": 0.0004722673823654783,
    "Train MAE": 0.014130823407203256,
    "Train MRE": 0.0003767978090375503,
    "Train Error": -6.70894398653005e-05,
    "Train STD": 0.02173161018821516,
    "Train Error+2STD": 0.04339613093656502,
    "Val MSE": 0.020188472307333012,
    "Val MAE": 0.09627628875277947,
    "Val MRE": 0.0025714958427743885,
    "Val Error": -0.015801885820603098,
    "Val STD": 0.14120471915571955,
    "Val Error+2STD": 0.266607552490836,
    "Test MSE": 0.024968336166475435,
    "Test MAE": 0.10928744749624042,
    "Test MRE": 0.002918981567204585,
    "Test Error": -0.016174681778752698,
    "Test STD": 0.15718370092293768,
    "Test Error+2STD": 0.29819272006712266
}