{
    "Train MSE": 0.1619492742945166,
    "Train MAE": 0.33553767554900227,
    "Train MRE": 0.008985112886875868,
    "Train STD": 0.3896765410900116,
    "Train MAE+2STD": 1.1148907577290255,
    "Val MSE": 0.1619492742945166,
    "Val MAE": 0.33553767554900227,
    "Val MRE": 0.008985112886875868,
    "Val STD": 0.3896765410900116,
    "Val MAE+2STD": 1.1148907577290255,
    "Test MSE": 0.1619492742945166,
    "Test MAE": 0.33553767554900227,
    "Test MRE": 0.008985112886875868,
    "Test STD": 0.3896765410900116,
    "Test MAE+2STD": 1.1148907577290255
}