{
    "Train MSE": 0.16195680639323065,
    "Train MAE": 0.3359776051605449,
    "Train MRE": 0.00899666262900128,
    "Train STD": 0.1895211637020111,
    "Train MAE+2STD": 0.7150199325645672,
    "Val MSE": 0.16195680639323065,
    "Val MAE": 0.3359776051605449,
    "Val MRE": 0.00899666262900128,
    "Val STD": 0.1895211637020111,
    "Val MAE+2STD": 0.7150199325645672,
    "Test MSE": 0.16195680639323065,
    "Test MAE": 0.3359776051605449,
    "Test MRE": 0.00899666262900128,
    "Test STD": 0.1895211637020111,
    "Test MAE+2STD": 0.7150199325645672
}