{
    "Train MSE": 0.11982591794087337,
    "Train MAE": 0.29973514951192415,
    "Train MRE": 0.008005849766330076,
    "Train STD": 0.3424431085586548,
    "Train MAE+2STD": 0.9846213666292337,
    "Val MSE": 0.11982591794087337,
    "Val MAE": 0.29973514951192415,
    "Val MRE": 0.008005849766330076,
    "Val STD": 0.3424431085586548,
    "Val MAE+2STD": 0.9846213666292337,
    "Test MSE": 0.11982591794087337,
    "Test MAE": 0.29973514951192415,
    "Test MRE": 0.008005849766330076,
    "Test STD": 0.3424431085586548,
    "Test MAE+2STD": 0.9846213666292337
}