{
    "Train MSE": 0.19051752526026505,
    "Train MAE": 0.35920599790719837,
    "Train MRE": 0.009509815691182246,
    "Train Error": 0.26282808643120986,
    "Train STD": 0.3486160337924957,
    "Train MAE+2STD": 1.0564380654921899,
    "Val MSE": 0.19321375340223312,
    "Val MAE": 0.3599230945110321,
    "Val MRE": 0.009528520982712507,
    "Val Error": 0.2545720636844635,
    "Val STD": 0.3562168478965759,
    "Val MAE+2STD": 1.072356790304184,
    "Test MSE": 0.19484016299247742,
    "Test MAE": 0.3692048043012619,
    "Test MRE": 0.009774848353117704,
    "Test Error": 0.25377030670642853,
    "Test STD": 0.35838693380355835,
    "Test MAE+2STD": 1.0859786719083786
}