{
    "Train MSE": 0.321277598945462,
    "Train MAE": 0.4687624202699077,
    "Train MRE": 0.012654396705329418,
    "Train STD": 0.3449315130710602,
    "Train MAE+2STD": 1.158625446412028,
    "Val MSE": 0.321277598945462,
    "Val MAE": 0.4687624202699077,
    "Val MRE": 0.012654396705329418,
    "Val STD": 0.3449315130710602,
    "Val MAE+2STD": 1.158625446412028,
    "Test MSE": 0.321277598945462,
    "Test MAE": 0.4687624202699077,
    "Test MRE": 0.012654396705329418,
    "Test STD": 0.3449315130710602,
    "Test MAE+2STD": 1.158625446412028
}