{
    "Train MSE": 0.32144599119011236,
    "Train MAE": 0.4688292559312314,
    "Train MRE": 0.012656164146503624,
    "Train Error": -0.4499946431237824,
    "Train STD": 0.34493154287338257,
    "Train MAE+2STD": 1.1586923416779966,
    "Val MSE": 0.3162717138017927,
    "Val MAE": 0.4584018758365086,
    "Val MRE": 0.0123739182682974,
    "Val Error": -0.44152880566460745,
    "Val STD": 0.35197997093200684,
    "Val MAE+2STD": 1.1623618177005222,
    "Test MSE": 0.3747318685054779,
    "Test MAE": 0.5193636757986886,
    "Test MRE": 0.014024865414415087,
    "Test Error": -0.50406471320561,
    "Test STD": 0.34102901816368103,
    "Test MAE+2STD": 1.2014217121260506
}