{
    "Train MSE": 0.15986845861462987,
    "Train MAE": 0.33246439607704387,
    "Train MRE": 0.008903073694776087,
    "Train Error": -0.10456988631802447,
    "Train STD": 0.3896765410900116,
    "Train MAE+2STD": 1.1118174782570671,
    "Val MSE": 0.14392851293087006,
    "Val MAE": 0.3057316492001216,
    "Val MRE": 0.008186349334816137,
    "Val Error": -0.08191995493446787,
    "Val STD": 0.4088909327983856,
    "Val MAE+2STD": 1.1235135147968929,
    "Test MSE": 0.155928964416186,
    "Test MAE": 0.3441636264324188,
    "Test MRE": 0.00922776044656833,
    "Test Error": -0.15029151737689972,
    "Test STD": 0.3843317925930023,
    "Test MAE+2STD": 1.1128272116184235
}