{
    "Train MSE": 0.11960109839072594,
    "Train MAE": 0.2992690388972943,
    "Train MRE": 0.00799328418305287,
    "Train STD": 0.03499545156955719,
    "Train MAE+2STD": 0.36925994203640866,
    "Val MSE": 0.11960109839072594,
    "Val MAE": 0.2992690388972943,
    "Val MRE": 0.00799328418305287,
    "Val STD": 0.03499545156955719,
    "Val MAE+2STD": 0.36925994203640866,
    "Test MSE": 0.11960109839072594,
    "Test MAE": 0.2992690388972943,
    "Test MRE": 0.00799328418305287,
    "Test STD": 0.03499545156955719,
    "Test MAE+2STD": 0.36925994203640866
}