{
    "Train MSE": 0.12013038706320983,
    "Train MAE": 0.3007292472399198,
    "Train MRE": 0.008032327052205801,
    "Train STD": 0.034995418041944504,
    "Train MAE+2STD": 0.3707200833238088,
    "Val MSE": 0.12013038706320983,
    "Val MAE": 0.3007292472399198,
    "Val MRE": 0.008032327052205801,
    "Val STD": 0.034995418041944504,
    "Val MAE+2STD": 0.3707200833238088,
    "Test MSE": 0.12013038706320983,
    "Test MAE": 0.3007292472399198,
    "Test MRE": 0.008032327052205801,
    "Test STD": 0.034995418041944504,
    "Test MAE+2STD": 0.3707200833238088
}