{
    "Train MSE": 0.1379398122733953,
    "Train MAE": 0.30312271203313557,
    "Train MRE": 0.008105807643079636,
    "Train STD": 0.23631219565868378,
    "Train MAE+2STD": 0.7757471033505031,
    "Val MSE": 0.1379398122733953,
    "Val MAE": 0.30312271203313557,
    "Val MRE": 0.008105807643079636,
    "Val STD": 0.23631219565868378,
    "Val MAE+2STD": 0.7757471033505031,
    "Test MSE": 0.1379398122733953,
    "Test MAE": 0.30312271203313557,
    "Test MRE": 0.008105807643079636,
    "Test STD": 0.23631219565868378,
    "Test MAE+2STD": 0.7757471033505031
}