{
    "Train MSE": 0.1380206831559843,
    "Train MAE": 0.3031689719277985,
    "Train MRE": 0.008106971311630035,
    "Train STD": 0.2363121509552002,
    "Train MAE+2STD": 0.775793273838199,
    "Val MSE": 0.1380206831559843,
    "Val MAE": 0.3031689719277985,
    "Val MRE": 0.008106971311630035,
    "Val STD": 0.2363121509552002,
    "Val MAE+2STD": 0.775793273838199,
    "Test MSE": 0.1380206831559843,
    "Test MAE": 0.3031689719277985,
    "Test MRE": 0.008106971311630035,
    "Test STD": 0.2363121509552002,
    "Test MAE+2STD": 0.775793273838199
}