{
    "Train MSE": 0.1379256383800993,
    "Train MAE": 0.30303944373617364,
    "Train MRE": 0.008103496005416525,
    "Train STD": 0.34903889894485474,
    "Train MAE+2STD": 1.0011172416258831,
    "Val MSE": 0.1379256383800993,
    "Val MAE": 0.30303944373617364,
    "Val MRE": 0.008103496005416525,
    "Val STD": 0.34903889894485474,
    "Val MAE+2STD": 1.0011172416258831,
    "Test MSE": 0.1379256383800993,
    "Test MAE": 0.30303944373617364,
    "Test MRE": 0.008103496005416525,
    "Test STD": 0.34903889894485474,
    "Test MAE+2STD": 1.0011172416258831
}