{
    "Train MSE": 0.1371331297689014,
    "Train MAE": 0.30650416016578674,
    "Train MRE": 0.008164174544314543,
    "Train Error": 0.07020740542146894,
    "Train STD": 0.3560749590396881,
    "Train MAE+2STD": 1.018654078245163,
    "Val MSE": 0.10162299126386642,
    "Val MAE": 0.26988089084625244,
    "Val MRE": 0.007183589972555637,
    "Val Error": -0.052463918924331665,
    "Val STD": 0.3450261354446411,
    "Val MAE+2STD": 0.9599331617355347,
    "Test MSE": 0.1964617744088173,
    "Test MAE": 0.38293489813804626,
    "Test MRE": 0.010185075923800468,
    "Test Error": 0.2881321310997009,
    "Test STD": 0.3616775870323181,
    "Test MAE+2STD": 1.1062900722026825
}