{
    "Train MSE": 0.1379961553885012,
    "Train MAE": 0.3033282349304277,
    "Train MRE": 0.008111101052514752,
    "Train Error": -0.1278146727352726,
    "Train STD": 0.3490389287471771,
    "Train MAE+2STD": 1.0014060924247818,
    "Val MSE": 0.13290440504040038,
    "Val MAE": 0.2927217994417463,
    "Val MRE": 0.007825168248798166,
    "Val Error": -0.07996909958975655,
    "Val STD": 0.35815560817718506,
    "Val MAE+2STD": 1.0090330157961165,
    "Test MSE": 0.1382842127765928,
    "Test MAE": 0.3122219613620213,
    "Test MRE": 0.008343333844095469,
    "Test Error": -0.12761799352509634,
    "Test STD": 0.3536260724067688,
    "Test MAE+2STD": 1.0194741061755588
}