{
    "Train MSE": 0.12729756202962664,
    "Train MAE": 0.29618050985866123,
    "Train MRE": 0.007888210161278645,
    "Train STD": 0.3560749292373657,
    "Train MAE+2STD": 1.0083303683333926,
    "Val MSE": 0.12729756202962664,
    "Val MAE": 0.29618050985866123,
    "Val MRE": 0.007888210161278645,
    "Val STD": 0.3560749292373657,
    "Val MAE+2STD": 1.0083303683333926,
    "Test MSE": 0.12729756202962664,
    "Test MAE": 0.29618050985866123,
    "Test MRE": 0.007888210161278645,
    "Test STD": 0.3560749292373657,
    "Test MAE+2STD": 1.0083303683333926
}