{
    "Train MSE": 0.13003937237792546,
    "Train MAE": 0.30027850137816536,
    "Train MRE": 0.007997864805575874,
    "Train STD": 0.1875746250152588,
    "Train MAE+2STD": 0.6754277514086829,
    "Val MSE": 0.13003937237792546,
    "Val MAE": 0.30027850137816536,
    "Val MRE": 0.007997864805575874,
    "Val STD": 0.1875746250152588,
    "Val MAE+2STD": 0.6754277514086829,
    "Test MSE": 0.13003937237792546,
    "Test MAE": 0.30027850137816536,
    "Test MRE": 0.007997864805575874,
    "Test STD": 0.1875746250152588,
    "Test MAE+2STD": 0.6754277514086829
}