{
    "Train MSE": 1.190963089466095,
    "Train MAE": 0.6040985981623331,
    "Train MRE": 0.015720697016351752,
    "Train STD": 1.0722754001617432,
    "Train MAE+2STD": 2.7486493984858194,
    "Val MSE": 1.190963089466095,
    "Val MAE": 0.6040985981623331,
    "Val MRE": 0.015720697016351752,
    "Val STD": 1.0722754001617432,
    "Val MAE+2STD": 2.7486493984858194,
    "Test MSE": 1.190963089466095,
    "Test MAE": 0.6040985981623331,
    "Test MRE": 0.015720697016351752,
    "Test STD": 1.0722754001617432,
    "Test MAE+2STD": 2.7486493984858194
}