{
    "Train MSE": 0.8865664029607967,
    "Train MAE": 0.8649314641952515,
    "Train MRE": 0.023629573915077716,
    "Train STD": 0.17440743744373322,
    "Train MAE+2STD": 1.213746339082718,
    "Val MSE": 0.8865664029607967,
    "Val MAE": 0.8649314641952515,
    "Val MRE": 0.023629573915077716,
    "Val STD": 0.17440743744373322,
    "Val MAE+2STD": 1.213746339082718,
    "Test MSE": 0.8865664029607967,
    "Test MAE": 0.8649314641952515,
    "Test MRE": 0.023629573915077716,
    "Test STD": 0.17440743744373322,
    "Test MAE+2STD": 1.213746339082718
}