{
    "Train MSE": 1.495419571797053,
    "Train MAE": 0.6164231830173068,
    "Train MRE": 0.015864352385203045,
    "Train Error": 0.2589401602745056,
    "Train STD": 1.0722752809524536,
    "Train MAE+2STD": 2.760973744922214,
    "Val MSE": 0.8062482587993145,
    "Val MAE": 0.3476276993751526,
    "Val MRE": 0.008848663419485092,
    "Val Error": 0.1556994915008545,
    "Val STD": 1.1994653940200806,
    "Val MAE+2STD": 2.7465584874153137,
    "Test MSE": 0.5803023390471935,
    "Test MAE": 0.4246450960636139,
    "Test MRE": 0.011115946806967258,
    "Test Error": 0.23398835957050323,
    "Test STD": 0.9929819703102112,
    "Test MAE+2STD": 2.4106090366840363
}