{
    "Train MSE": 0.8875942777614204,
    "Train MAE": 0.8654140939517897,
    "Train MRE": 0.02364288046195799,
    "Train STD": 0.17440734803676605,
    "Train MAE+2STD": 1.214228790025322,
    "Val MSE": 0.8875942777614204,
    "Val MAE": 0.8654140939517897,
    "Val MRE": 0.02364288046195799,
    "Val STD": 0.17440734803676605,
    "Val MAE+2STD": 1.214228790025322,
    "Test MSE": 0.8875942777614204,
    "Test MAE": 0.8654140939517897,
    "Test MRE": 0.02364288046195799,
    "Test STD": 0.17440734803676605,
    "Test MAE+2STD": 1.214228790025322
}