{
    "Train MSE": 0.8874589314266127,
    "Train MAE": 0.8653864665907256,
    "Train MRE": 0.023642027332466477,
    "Train Error": -0.8607312258408994,
    "Train STD": 0.3830452561378479,
    "Train MAE+2STD": 1.6314769788664214,
    "Val MSE": 0.89332172700337,
    "Val MAE": 0.864252541746412,
    "Val MRE": 0.0236087901783841,
    "Val Error": -0.8588367274829319,
    "Val STD": 0.38503891229629517,
    "Val MAE+2STD": 1.6343303663390023,
    "Test MSE": 0.9256224121366229,
    "Test MAE": 0.8828610863004412,
    "Test MRE": 0.024121184700301716,
    "Test Error": -0.8774832827704293,
    "Test STD": 0.3922790586948395,
    "Test MAE+2STD": 1.66741920369012
}