{
    "Train MSE": 1.1329392592112224,
    "Train MAE": 0.5843210253450606,
    "Train MRE": 0.015196563365558783,
    "Train STD": 1.0087411403656006,
    "Train MAE+2STD": 2.6018033060762615,
    "Val MSE": 1.1329392592112224,
    "Val MAE": 0.5843210253450606,
    "Val MRE": 0.015196563365558783,
    "Val STD": 1.0087411403656006,
    "Val MAE+2STD": 2.6018033060762615,
    "Test MSE": 1.1329392592112224,
    "Test MAE": 0.5843210253450606,
    "Test MRE": 0.015196563365558783,
    "Test STD": 1.0087411403656006,
    "Test MAE+2STD": 2.6018033060762615
}