{
    "Train MSE": 0.8878360658275838,
    "Train MAE": 0.8655237920430242,
    "Train MRE": 0.023645714495559127,
    "Train STD": 0.3830452561378479,
    "Train MAE+2STD": 1.63161430431872,
    "Val MSE": 0.8878360658275838,
    "Val MAE": 0.8655237920430242,
    "Val MRE": 0.023645714495559127,
    "Val STD": 0.3830452561378479,
    "Val MAE+2STD": 1.63161430431872,
    "Test MSE": 0.8878360658275838,
    "Test MAE": 0.8655237920430242,
    "Test MRE": 0.023645714495559127,
    "Test STD": 0.3830452561378479,
    "Test MAE+2STD": 1.63161430431872
}