{
    "Train MSE": 0.12124666571617126,
    "Train MAE": 0.30615370472272235,
    "Train MRE": 0.008169070507089296,
    "Train STD": 8.54150675877463e-06,
    "Train MAE+2STD": 0.3061707877362399,
    "Val MSE": 0.12124666571617126,
    "Val MAE": 0.30615370472272235,
    "Val MRE": 0.008169070507089296,
    "Val STD": 8.54150675877463e-06,
    "Val MAE+2STD": 0.3061707877362399,
    "Test MSE": 0.12124666571617126,
    "Test MAE": 0.30615370472272235,
    "Test MRE": 0.008169070507089296,
    "Test STD": 8.54150675877463e-06,
    "Test MAE+2STD": 0.3061707877362399
}