{
    "Train MSE": 0.36060049095932317,
    "Train MAE": 0.49738829902240206,
    "Train MRE": 0.013091311733029326,
    "Train STD": 0.0003780360275413841,
    "Train MAE+2STD": 0.4981443710774848,
    "Val MSE": 0.36060049095932317,
    "Val MAE": 0.49738829902240206,
    "Val MRE": 0.013091311733029326,
    "Val STD": 0.0003780360275413841,
    "Val MAE+2STD": 0.4981443710774848,
    "Test MSE": 0.36060049095932317,
    "Test MAE": 0.49738829902240206,
    "Test MRE": 0.013091311733029326,
    "Test STD": 0.0003780360275413841,
    "Test MAE+2STD": 0.4981443710774848
}