{
    "Train MSE": 0.3613124970270663,
    "Train MAE": 0.49765804896549304,
    "Train MRE": 0.0130984116801802,
    "Train STD": 0.33992260694503784,
    "Train MAE+2STD": 1.1775032628555686,
    "Val MSE": 0.3613124970270663,
    "Val MAE": 0.49765804896549304,
    "Val MRE": 0.0130984116801802,
    "Val STD": 0.33992260694503784,
    "Val MAE+2STD": 1.1775032628555686,
    "Test MSE": 0.3613124970270663,
    "Test MAE": 0.49765804896549304,
    "Test MRE": 0.0130984116801802,
    "Test STD": 0.33992260694503784,
    "Test MAE+2STD": 1.1775032628555686
}