{
    "Train MSE": 0.3620779690693836,
    "Train MAE": 0.49864634932303914,
    "Train MRE": 0.013124423652735293,
    "Train STD": 0.000377942924387753,
    "Train MAE+2STD": 0.49940223517181465,
    "Val MSE": 0.3620779690693836,
    "Val MAE": 0.49864634932303914,
    "Val MRE": 0.013124423652735293,
    "Val STD": 0.000377942924387753,
    "Val MAE+2STD": 0.49940223517181465,
    "Test MSE": 0.3620779690693836,
    "Test MAE": 0.49864634932303914,
    "Test MRE": 0.013124423652735293,
    "Test STD": 0.000377942924387753,
    "Test MAE+2STD": 0.49940223517181465
}