{
    "Train MSE": 0.11847950766483943,
    "Train MAE": 0.3021206756432851,
    "Train MRE": 0.008061457321875624,
    "Train Error": -0.006500927110513051,
    "Train STD": 0.34253910183906555,
    "Train MAE+2STD": 0.9871988793214161,
    "Val MSE": 0.13917019218206406,
    "Val MAE": 0.3456341475248337,
    "Val MRE": 0.009222522843629122,
    "Val Error": -0.2100597470998764,
    "Val STD": 0.34369295835494995,
    "Val MAE+2STD": 1.0330200642347336,
    "Test MSE": 0.09978209435939789,
    "Test MAE": 0.2916867583990097,
    "Test MRE": 0.007783050183206797,
    "Test Error": 0.01389748603105545,
    "Test STD": 0.33416473865509033,
    "Test MAE+2STD": 0.9600162357091904
}