{
    "Train MSE": 0.11651855235805317,
    "Train MAE": 0.2995746482391747,
    "Train MRE": 0.007985743437418523,
    "Train Error": 0.015622996554082754,
    "Train STD": 0.34067481756210327,
    "Train MAE+2STD": 0.9809242833633812,
    "Val MSE": 0.111565500497818,
    "Val MAE": 0.29031701598848614,
    "Val MRE": 0.0077389610399092945,
    "Val Error": 0.0444982647895813,
    "Val STD": 0.3376089930534363,
    "Val MAE+2STD": 0.9655350020953587,
    "Test MSE": 0.11835437374455589,
    "Test MAE": 0.30076018827302115,
    "Test MRE": 0.008017346329454864,
    "Test Error": 0.003422626427241734,
    "Test STD": 0.3533248007297516,
    "Test MAE+2STD": 1.0074097897325243
}