{
    "Train MSE": 0.11972583913140827,
    "Train MAE": 0.3030383653110928,
    "Train MRE": 0.008085943706747558,
    "Train STD": 0.3447421193122864,
    "Train MAE+2STD": 0.9925226039356656,
    "Val MSE": 0.11972583913140827,
    "Val MAE": 0.3030383653110928,
    "Val MRE": 0.008085943706747558,
    "Val STD": 0.3447421193122864,
    "Val MAE+2STD": 0.9925226039356656,
    "Test MSE": 0.11972583913140827,
    "Test MAE": 0.3030383653110928,
    "Test MRE": 0.008085943706747558,
    "Test STD": 0.3447421193122864,
    "Test MAE+2STD": 0.9925226039356656
}