{
    "Train MSE": 0.11754893912718846,
    "Train MAE": 0.3014332285294166,
    "Train MRE": 0.008037383632304577,
    "Train Error": 0.004311552701088099,
    "Train STD": 0.33967405557632446,
    "Train MAE+2STD": 0.9807813396820655,
    "Val MSE": 0.11733772233128548,
    "Val MAE": 0.30102314054965973,
    "Val MRE": 0.008026474621146917,
    "Val Error": -0.002284916816279292,
    "Val STD": 0.34294790029525757,
    "Val MAE+2STD": 0.9869189411401749,
    "Test MSE": 0.12131737917661667,
    "Test MAE": 0.30873367190361023,
    "Test MRE": 0.008232105523347855,
    "Test Error": -0.013001443352550268,
    "Test STD": 0.35062897205352783,
    "Test MAE+2STD": 1.009991616010666
}