{
    "Train MSE": 0.3615515505780979,
    "Train MAE": 0.4979958388270164,
    "Train MRE": 0.01310730269368814,
    "Train STD": 0.33992260694503784,
    "Train MAE+2STD": 1.1778410527170922,
    "Val MSE": 0.3615515505780979,
    "Val MAE": 0.4979958388270164,
    "Val MRE": 0.01310730269368814,
    "Val STD": 0.33992260694503784,
    "Val MAE+2STD": 1.1778410527170922,
    "Test MSE": 0.3615515505780979,
    "Test MAE": 0.4979958388270164,
    "Test MRE": 0.01310730269368814,
    "Test STD": 0.33992260694503784,
    "Test MAE+2STD": 1.1778410527170922
}