{
    "Train MSE": 0.1162846850661131,
    "Train MAE": 0.29951279438458955,
    "Train MRE": 0.007986205307623515,
    "Train STD": 0.34179338812828064,
    "Train MAE+2STD": 0.9830995706411508,
    "Val MSE": 0.1162846850661131,
    "Val MAE": 0.29951279438458955,
    "Val MRE": 0.007986205307623515,
    "Val STD": 0.34179338812828064,
    "Val MAE+2STD": 0.9830995706411508,
    "Test MSE": 0.1162846850661131,
    "Test MAE": 0.29951279438458955,
    "Test MRE": 0.007986205307623515,
    "Test STD": 0.34179338812828064,
    "Test MAE+2STD": 0.9830995706411508
}