{
    "Train MSE": 0.30003482222557065,
    "Train MAE": 0.4500834119319916,
    "Train MRE": 0.011910729631781579,
    "Train STD": 0.46206340193748474,
    "Train MAE+2STD": 1.3742102158069611,
    "Val MSE": 0.30003482222557065,
    "Val MAE": 0.4500834119319916,
    "Val MRE": 0.011910729631781579,
    "Val STD": 0.46206340193748474,
    "Val MAE+2STD": 1.3742102158069611,
    "Test MSE": 0.30003482222557065,
    "Test MAE": 0.4500834119319916,
    "Test MRE": 0.011910729631781579,
    "Test STD": 0.46206340193748474,
    "Test MAE+2STD": 1.3742102158069611
}