{
    "Train MSE": 0.17573668851571925,
    "Train MAE": 0.33701731527552886,
    "Train MRE": 0.009024087531382547,
    "Train Error": -0.12614993488087373,
    "Train STD": 0.3992074728012085,
    "Train MAE+2STD": 1.135432260877946,
    "Val MSE": 0.14213274295131365,
    "Val MAE": 0.27701499809821445,
    "Val MRE": 0.007405832642689347,
    "Val Error": -0.05189821434517702,
    "Val STD": 0.4418011009693146,
    "Val MAE+2STD": 1.1606172000368435,
    "Test MSE": 0.22880769769350687,
    "Test MAE": 0.39716999729474384,
    "Test MRE": 0.010628848957518736,
    "Test Error": -0.21550258994102478,
    "Test STD": 0.4496834874153137,
    "Test MAE+2STD": 1.2965369721253712
}