{
    "Train MSE": 0.173798667595667,
    "Train MAE": 0.3352596549426808,
    "Train MRE": 0.008977988187004538,
    "Train STD": 0.3992075026035309,
    "Train MAE+2STD": 1.1336746601497425,
    "Val MSE": 0.173798667595667,
    "Val MAE": 0.3352596549426808,
    "Val MRE": 0.008977988187004538,
    "Val STD": 0.3992075026035309,
    "Val MAE+2STD": 1.1336746601497425,
    "Test MSE": 0.173798667595667,
    "Test MAE": 0.3352596549426808,
    "Test MRE": 0.008977988187004538,
    "Test STD": 0.3992075026035309,
    "Test MAE+2STD": 1.1336746601497425
}