{
    "Train MSE": 0.17520152470644781,
    "Train MAE": 0.3356035649776459,
    "Train MRE": 0.008986954796401894,
    "Train STD": 0.27243268489837646,
    "Train MAE+2STD": 0.8804689347743988,
    "Val MSE": 0.17520152470644781,
    "Val MAE": 0.3356035649776459,
    "Val MRE": 0.008986954796401894,
    "Val STD": 0.27243268489837646,
    "Val MAE+2STD": 0.8804689347743988,
    "Test MSE": 0.17520152470644781,
    "Test MAE": 0.3356035649776459,
    "Test MRE": 0.008986954796401894,
    "Test STD": 0.27243268489837646,
    "Test MAE+2STD": 0.8804689347743988
}