{
    "Train MSE": 0.2978416931629181,
    "Train MAE": 0.44753403425216676,
    "Train MRE": 0.011842282712459564,
    "Train Error": 0.2915408229827881,
    "Train STD": 0.46206340193748474,
    "Train MAE+2STD": 1.3716608381271362,
    "Val MSE": 0.3026772439479828,
    "Val MAE": 0.4500664994120598,
    "Val MRE": 0.011897873599082232,
    "Val Error": 0.31441233307123184,
    "Val STD": 0.46258312463760376,
    "Val MAE+2STD": 1.3752327486872673,
    "Test MSE": 0.2607225850224495,
    "Test MAE": 0.4220750331878662,
    "Test MRE": 0.011165355332195759,
    "Test Error": 0.25625206530094147,
    "Test STD": 0.4745676517486572,
    "Test MAE+2STD": 1.3712103366851807
}