{
    "Train MSE": 0.29797156929969787,
    "Train MAE": 0.4478526747226715,
    "Train MRE": 0.01185189262032509,
    "Train STD": 0.3142411410808563,
    "Train MAE+2STD": 1.076334956884384,
    "Val MSE": 0.29797156929969787,
    "Val MAE": 0.4478526747226715,
    "Val MRE": 0.01185189262032509,
    "Val STD": 0.3142411410808563,
    "Val MAE+2STD": 1.076334956884384,
    "Test MSE": 0.29797156929969787,
    "Test MAE": 0.4478526747226715,
    "Test MRE": 0.01185189262032509,
    "Test STD": 0.3142411410808563,
    "Test MAE+2STD": 1.076334956884384
}