{
    "Train MSE": 0.2950826036930084,
    "Train MAE": 0.4447661066055298,
    "Train MRE": 0.011769650913774967,
    "Train STD": 0.31424111127853394,
    "Train MAE+2STD": 1.0732483291625976,
    "Val MSE": 0.2950826036930084,
    "Val MAE": 0.4447661066055298,
    "Val MRE": 0.011769650913774967,
    "Val STD": 0.31424111127853394,
    "Val MAE+2STD": 1.0732483291625976,
    "Test MSE": 0.2950826036930084,
    "Test MAE": 0.4447661066055298,
    "Test MRE": 0.011769650913774967,
    "Test STD": 0.31424111127853394,
    "Test MAE+2STD": 1.0732483291625976
}