{
    "Train MSE": 0.00044244528043398525,
    "Train MAE": 0.013893261052792788,
    "Train MRE": 0.0003705311193974256,
    "Train Error": -4.823019534436935e-05,
    "Train STD": 0.02103432799692546,
    "Train Error+2STD": 0.04202042579850655,
    "Val MSE": 0.018709499533779646,
    "Val MAE": 0.09397918781548248,
    "Val MRE": 0.0025061516437484945,
    "Val Error": -0.0008759569029424694,
    "Val STD": 0.13677986779231743,
    "Val Error+2STD": 0.2726837786816924,
    "Test MSE": 0.0179334061716069,
    "Test MAE": 0.08488731390369361,
    "Test MRE": 0.0022660376895241403,
    "Test Error": -0.0053329790778572595,
    "Test STD": 0.13380943728213654,
    "Test Error+2STD": 0.26228589548641584
}