{
    "Train MSE": 0.0003125700461798876,
    "Train MAE": 0.008037680337192118,
    "Train MRE": 0.00021426264313387087,
    "Train Error": -3.9173416018875056e-05,
    "Train STD": 0.017679607224804654,
    "Train Error+2STD": 0.03532004103359043,
    "Val MSE": 0.08587207314813944,
    "Val MAE": 0.20116700602360163,
    "Val MRE": 0.005366834324514883,
    "Val Error": -0.021352833920329283,
    "Val STD": 0.29226037985281256,
    "Val Error+2STD": 0.5631679257852958,
    "Test MSE": 0.0912545547633565,
    "Test MAE": 0.20084423838942103,
    "Test MRE": 0.005366524039880018,
    "Test Error": -0.021168859566682536,
    "Test STD": 0.30134105951231166,
    "Test Error+2STD": 0.5815132594579407
}