{
    "Train MSE": 0.00044244528043398525,
    "Train MAE": 0.013893261052792788,
    "Train MRE": 0.0003705311193974256,
    "Train STD": 0.02103432799692546,
    "Train MAE+2STD": 0.05596191704664371,
    "Val MSE": 0.018709499533779646,
    "Val MAE": 0.09397918781548248,
    "Val MRE": 0.0025061516437484945,
    "Val STD": 0.13677986779231743,
    "Val MAE+2STD": 0.36753892340011735,
    "Test MSE": 0.0179334061716069,
    "Test MAE": 0.08488731390369361,
    "Test MRE": 0.0022660376895241403,
    "Test STD": 0.13380943728213654,
    "Test MAE+2STD": 0.35250618846796666
}