{
    "Train MSE": 1.0521724682848877e-05,
    "Train MAE": 0.0027254491348222116,
    "Train MRE": 7.26824695434704e-05,
    "Train Error": 3.705467421407938e-05,
    "Train STD": 0.0032435091542907294,
    "Train Error+2STD": 0.006524072982795538,
    "Val MSE": 1.390090772754068e-05,
    "Val MAE": 0.0029627169764165026,
    "Val MRE": 7.899569566715447e-05,
    "Val Error": 4.273097813134709e-06,
    "Val STD": 0.0037283896615262417,
    "Val Error+2STD": 0.007461052420865618,
    "Test MSE": 1.366394902359895e-05,
    "Test MAE": 0.0028390073439161874,
    "Test MRE": 7.579364854352098e-05,
    "Test Error": 9.173717632950345e-05,
    "Test STD": 0.0036953394044496155,
    "Test Error+2STD": 0.007482415985228735
}