{
    "Train MSE": 4.196592238025278e-06,
    "Train MAE": 0.0017645150627828687,
    "Train MRE": 4.706168632967731e-05,
    "Train STD": 0.0020485584385188786,
    "Train MAE+2STD": 0.005861631939820626,
    "Val MSE": 6.671493325871298e-06,
    "Val MAE": 0.0020258513053949684,
    "Val MRE": 5.3994635157386916e-05,
    "Val STD": 0.0025802199878788494,
    "Val MAE+2STD": 0.007186291281152667,
    "Test MSE": 5.376835405762029e-06,
    "Test MAE": 0.0018969754581520926,
    "Test MRE": 5.064007359415634e-05,
    "Test STD": 0.0023181772060511725,
    "Test MAE+2STD": 0.006533329870254437
}