{
    "Train MSE": 0.0036171064722929874,
    "Train MAE": 0.056170160603871575,
    "Train MRE": 0.0014974624924758088,
    "Train STD": 0.06012829734956112,
    "Train MAE+2STD": 0.17642675530299382,
    "Val MSE": 0.022079502382473103,
    "Val MAE": 0.11189222144216208,
    "Val MRE": 0.0029807221215156945,
    "Val STD": 0.14803353759429097,
    "Val MAE+2STD": 0.40795929663074404,
    "Test MSE": 0.03201365670259759,
    "Test MAE": 0.13582960107387537,
    "Test MRE": 0.003627633436383183,
    "Test STD": 0.1789202683838849,
    "Test MAE+2STD": 0.49367013784164515
}