{
    "Train MSE": 4.196592238025278e-06,
    "Train MAE": 0.0017645150627828687,
    "Train MRE": 4.706168632967731e-05,
    "Train Error": -7.496655066613862e-07,
    "Train STD": 0.0020485584385188786,
    "Train Error+2STD": 0.004096367211531096,
    "Val MSE": 6.671493325871298e-06,
    "Val MAE": 0.0020258513053949684,
    "Val MRE": 5.3994635157386916e-05,
    "Val Error": 0.00011814457254468787,
    "Val STD": 0.0025802199878788494,
    "Val Error+2STD": 0.005278584548302386,
    "Test MSE": 5.376835405762029e-06,
    "Test MAE": 0.0018969754581520926,
    "Test MRE": 5.064007359415634e-05,
    "Test Error": 5.375729817253254e-05,
    "Test STD": 0.0023181772060511725,
    "Test Error+2STD": 0.004690111710274877
}