{
    "Train MSE": 0.0036171064722929874,
    "Train MAE": 0.056170160603871575,
    "Train MRE": 0.0014974624924758088,
    "Train Error": 0.0013016643713908093,
    "Train STD": 0.06012829734956112,
    "Train Error+2STD": 0.12155825907051306,
    "Val MSE": 0.022079502382473103,
    "Val MAE": 0.11189222144216208,
    "Val MRE": 0.0029807221215156945,
    "Val Error": 0.012867561143929031,
    "Val STD": 0.14803353759429097,
    "Val Error+2STD": 0.30893463633251095,
    "Test MSE": 0.03201365670259759,
    "Test MAE": 0.13582960107387537,
    "Test MRE": 0.003627633436383183,
    "Test Error": 0.0010928238815950278,
    "Test STD": 0.1789202683838849,
    "Test Error+2STD": 0.3589333606493648
}