{
    "Train MSE": 0.1482460441497656,
    "Train MAE": 0.3196384425346668,
    "Train MRE": 0.00850593764334917,
    "Train STD": 0.20216156542301178,
    "Train MAE+2STD": 0.7239615733806903,
    "Val MSE": 0.1482460441497656,
    "Val MAE": 0.3196384425346668,
    "Val MRE": 0.00850593764334917,
    "Val STD": 0.20216156542301178,
    "Val MAE+2STD": 0.7239615733806903,
    "Test MSE": 0.1482460441497656,
    "Test MAE": 0.3196384425346668,
    "Test MRE": 0.00850593764334917,
    "Test STD": 0.20216156542301178,
    "Test MAE+2STD": 0.7239615733806903
}