{
    "Train MSE": 0.14784871500272018,
    "Train MAE": 0.31964869453356815,
    "Train MRE": 0.008505471408940278,
    "Train STD": 0.378193736076355,
    "Train MAE+2STD": 1.076036166686278,
    "Val MSE": 0.14784871500272018,
    "Val MAE": 0.31964869453356815,
    "Val MRE": 0.008505471408940278,
    "Val STD": 0.378193736076355,
    "Val MAE+2STD": 1.076036166686278,
    "Test MSE": 0.14784871500272018,
    "Test MAE": 0.31964869453356815,
    "Test MRE": 0.008505471408940278,
    "Test STD": 0.378193736076355,
    "Test MAE+2STD": 1.076036166686278
}