{
    "Train MSE": 0.14690283055488879,
    "Train MAE": 0.3184299881641681,
    "Train MRE": 0.008473914689742602,
    "Train STD": 0.20216161012649536,
    "Train MAE+2STD": 0.7227532084171588,
    "Val MSE": 0.14690283055488879,
    "Val MAE": 0.3184299881641681,
    "Val MRE": 0.008473914689742602,
    "Val STD": 0.20216161012649536,
    "Val MAE+2STD": 0.7227532084171588,
    "Test MSE": 0.14690283055488879,
    "Test MAE": 0.3184299881641681,
    "Test MRE": 0.008473914689742602,
    "Test STD": 0.20216161012649536,
    "Test MAE+2STD": 0.7227532084171588
}