{
    "Train MSE": 0.42759377859076675,
    "Train MAE": 0.5178074143370803,
    "Train MRE": 0.013902233742481592,
    "Train STD": 0.6175915002822876,
    "Train MAE+2STD": 1.7529904149016555,
    "Val MSE": 0.42759377859076675,
    "Val MAE": 0.5178074143370803,
    "Val MRE": 0.013902233742481592,
    "Val STD": 0.6175915002822876,
    "Val MAE+2STD": 1.7529904149016555,
    "Test MSE": 0.42759377859076675,
    "Test MAE": 0.5178074143370803,
    "Test MRE": 0.013902233742481592,
    "Test STD": 0.6175915002822876,
    "Test MAE+2STD": 1.7529904149016555
}