{
    "Train MSE": 1.331068887430079,
    "Train MAE": 1.0984712348264807,
    "Train MRE": 0.030190255383358282,
    "Train STD": 0.3547374904155731,
    "Train MAE+2STD": 1.807946215657627,
    "Val MSE": 1.331068887430079,
    "Val MAE": 1.0984712348264807,
    "Val MRE": 0.030190255383358282,
    "Val STD": 0.3547374904155731,
    "Val MAE+2STD": 1.807946215657627,
    "Test MSE": 1.331068887430079,
    "Test MAE": 1.0984712348264807,
    "Test MRE": 0.030190255383358282,
    "Test STD": 0.3547374904155731,
    "Test MAE+2STD": 1.807946215657627
}