{
    "Train MSE": 1.3393246005563175,
    "Train MAE": 1.1017835140228271,
    "Train MRE": 0.030282220529282793,
    "Train STD": 0.12055087834596634,
    "Train MAE+2STD": 1.3428852707147598,
    "Val MSE": 1.3393246005563175,
    "Val MAE": 1.1017835140228271,
    "Val MRE": 0.030282220529282793,
    "Val STD": 0.12055087834596634,
    "Val MAE+2STD": 1.3428852707147598,
    "Test MSE": 1.3393246005563175,
    "Test MAE": 1.1017835140228271,
    "Test MRE": 0.030282220529282793,
    "Test STD": 0.12055087834596634,
    "Test MAE+2STD": 1.3428852707147598
}