{
    "Train MSE": 0.4271764116627829,
    "Train MAE": 0.5172218741202841,
    "Train MRE": 0.013885948445876034,
    "Train Error": -0.2141587170107024,
    "Train STD": 0.6175914406776428,
    "Train MAE+2STD": 1.7524047554755697,
    "Val MSE": 0.30864239430853296,
    "Val MAE": 0.4242671813283648,
    "Val MRE": 0.01139230966301901,
    "Val Error": -0.1954569390841893,
    "Val STD": 0.5575866103172302,
    "Val MAE+2STD": 1.5394404019628252,
    "Test MSE": 0.4558741918631962,
    "Test MAE": 0.5316504580633981,
    "Test MRE": 0.014281212352216244,
    "Test Error": -0.2280611651284354,
    "Test STD": 0.6371078491210938,
    "Test MAE+2STD": 1.8058661563055856
}