{
    "Train MSE": 0.17368848500203113,
    "Train MAE": 0.322789660521916,
    "Train MRE": 0.008684891114505579,
    "Train Error": -0.23298898369682078,
    "Train STD": 0.3459087610244751,
    "Train MAE+2STD": 1.0146071825708662,
    "Val MSE": 0.16828802706939833,
    "Val MAE": 0.3133903571537563,
    "Val MRE": 0.008428566024771758,
    "Val Error": -0.20025932788848877,
    "Val STD": 0.3619651794433594,
    "Val MAE+2STD": 1.0373207160404752,
    "Test MSE": 0.1605767275738929,
    "Test MAE": 0.2917229139379093,
    "Test MRE": 0.007846886558192117,
    "Test Error": -0.19965929937149798,
    "Test STD": 0.3648100793361664,
    "Test MAE+2STD": 1.0213430726102422
}