{
    "Train MSE": 1.339473745402168,
    "Train MAE": 1.101741959066952,
    "Train MRE": 0.03028100257848992,
    "Train Error": -1.101741959066952,
    "Train STD": 0.3547375202178955,
    "Train MAE+2STD": 1.811216999502743,
    "Val MSE": 1.3209630250930786,
    "Val MAE": 1.095863978068034,
    "Val MRE": 0.030106486131747563,
    "Val Error": -1.095863978068034,
    "Val STD": 0.34167319536209106,
    "Val MAE+2STD": 1.779210368792216,
    "Test MSE": 1.3496108055114746,
    "Test MAE": 1.1121230920155842,
    "Test MRE": 0.03055838557581107,
    "Test Error": -1.1121230920155842,
    "Test STD": 0.34003958106040955,
    "Test MAE+2STD": 1.7922022541364033
}