{
    "Train MSE": 0.12549748157079404,
    "Train MAE": 0.2988513662264897,
    "Train MRE": 0.007990895125728387,
    "Train STD": 0.3418412208557129,
    "Train MAE+2STD": 0.9825338079379156,
    "Val MSE": 0.12549748157079404,
    "Val MAE": 0.2988513662264897,
    "Val MRE": 0.007990895125728387,
    "Val STD": 0.3418412208557129,
    "Val MAE+2STD": 0.9825338079379156,
    "Test MSE": 0.12549748157079404,
    "Test MAE": 0.2988513662264897,
    "Test MRE": 0.007990895125728387,
    "Test STD": 0.3418412208557129,
    "Test MAE+2STD": 0.9825338079379156
}