{
    "Train MSE": 0.11549647076397526,
    "Train MAE": 0.29804141150445357,
    "Train MRE": 0.007948267406650953,
    "Train STD": 0.0008284588693641126,
    "Train MAE+2STD": 0.2996983292431818,
    "Val MSE": 0.11549647076397526,
    "Val MAE": 0.29804141150445357,
    "Val MRE": 0.007948267406650953,
    "Val STD": 0.0008284588693641126,
    "Val MAE+2STD": 0.2996983292431818,
    "Test MSE": 0.11549647076397526,
    "Test MAE": 0.29804141150445357,
    "Test MRE": 0.007948267406650953,
    "Test STD": 0.0008284588693641126,
    "Test MAE+2STD": 0.2996983292431818
}