{
    "Train MSE": 0.1272298269546949,
    "Train MAE": 0.30196336140999425,
    "Train MRE": 0.008074109872373251,
    "Train Error": -0.10043807327747345,
    "Train STD": 0.3418412208557129,
    "Train MAE+2STD": 0.98564580312142,
    "Val MSE": 0.12560785189270973,
    "Val MAE": 0.296444833278656,
    "Val MRE": 0.007926553022116423,
    "Val Error": -0.1098749153316021,
    "Val STD": 0.3361624479293823,
    "Val MAE+2STD": 0.9687697291374207,
    "Test MSE": 0.12990452349185944,
    "Test MAE": 0.30498261749744415,
    "Test MRE": 0.008154841605573893,
    "Test Error": -0.11692853644490242,
    "Test STD": 0.3447224795818329,
    "Test MAE+2STD": 0.9944275766611099
}