{
    "Train MSE": 0.1157426896448038,
    "Train MAE": 0.2984846185664741,
    "Train MRE": 0.0079600873821396,
    "Train STD": 0.0008284143987111747,
    "Train MAE+2STD": 0.3001414473638965,
    "Val MSE": 0.1157426896448038,
    "Val MAE": 0.2984846185664741,
    "Val MRE": 0.0079600873821396,
    "Val STD": 0.0008284143987111747,
    "Val MAE+2STD": 0.3001414473638965,
    "Test MSE": 0.1157426896448038,
    "Test MAE": 0.2984846185664741,
    "Test MRE": 0.0079600873821396,
    "Test STD": 0.0008284143987111747,
    "Test MAE+2STD": 0.3001414473638965
}