{
    "Train MSE": 0.11585242301225662,
    "Train MAE": 0.29560718933741253,
    "Train MRE": 0.007893236302253272,
    "Train Error": -0.045021516581376396,
    "Train STD": 0.34198251366615295,
    "Train MAE+2STD": 0.9795722166697185,
    "Val MSE": 0.12174355238676071,
    "Val MAE": 0.32660236954689026,
    "Val MRE": 0.00872086826711893,
    "Val Error": -0.21339017152786255,
    "Val STD": 0.33961835503578186,
    "Val MAE+2STD": 1.005839079618454,
    "Test MSE": 0.1761728972196579,
    "Test MAE": 0.387799397110939,
    "Test MRE": 0.010354933328926563,
    "Test Error": 0.029331229627132416,
    "Test STD": 0.34221798181533813,
    "Test MAE+2STD": 1.0722353607416153
}