{
    "Train MSE": 0.11922579755385716,
    "Train MAE": 0.3001122838921017,
    "Train MRE": 0.008013531565666199,
    "Train STD": 8.305139635922387e-05,
    "Train MAE+2STD": 0.30027838668482015,
    "Val MSE": 0.11922579755385716,
    "Val MAE": 0.3001122838921017,
    "Val MRE": 0.008013531565666199,
    "Val STD": 8.305139635922387e-05,
    "Val MAE+2STD": 0.30027838668482015,
    "Test MSE": 0.11922579755385716,
    "Test MAE": 0.3001122838921017,
    "Test MRE": 0.008013531565666199,
    "Test STD": 8.305139635922387e-05,
    "Test MAE+2STD": 0.30027838668482015
}