{
    "Train MSE": 0.11461719526694371,
    "Train MAE": 0.2957245994072694,
    "Train MRE": 0.007889956701546907,
    "Train Error": -0.02072110614524438,
    "Train STD": 0.34069520235061646,
    "Train MAE+2STD": 0.9771150041085024,
    "Val MSE": 0.11718486994504929,
    "Val MAE": 0.30146944522857666,
    "Val MRE": 0.00804322399199009,
    "Val Error": 0.0038278233259916306,
    "Val STD": 0.3418232202529907,
    "Val MAE+2STD": 0.9851158857345581,
    "Test MSE": 0.12296823412179947,
    "Test MAE": 0.31115949153900146,
    "Test MRE": 0.008301783353090286,
    "Test Error": -0.0072281621396541595,
    "Test STD": 0.34861209988594055,
    "Test MAE+2STD": 1.0083836913108826
}