{
    "Train MSE": 0.11562160432946925,
    "Train MAE": 0.2983578698975699,
    "Train MRE": 0.007956706491127914,
    "Train STD": 0.3401193916797638,
    "Train MAE+2STD": 0.9785966532570975,
    "Val MSE": 0.11562160432946925,
    "Val MAE": 0.2983578698975699,
    "Val MRE": 0.007956706491127914,
    "Val STD": 0.3401193916797638,
    "Val MAE+2STD": 0.9785966532570975,
    "Test MSE": 0.11562160432946925,
    "Test MAE": 0.2983578698975699,
    "Test MRE": 0.007956706491127914,
    "Test STD": 0.3401193916797638,
    "Test MAE+2STD": 0.9785966532570975
}