{
    "Train MSE": 0.12134613676203622,
    "Train MAE": 0.30426182018385994,
    "Train MRE": 0.008124330236266056,
    "Train STD": 0.34198251366615295,
    "Train MAE+2STD": 0.9882268475161659,
    "Val MSE": 0.12134613676203622,
    "Val MAE": 0.30426182018385994,
    "Val MRE": 0.008124330236266056,
    "Val STD": 0.34198251366615295,
    "Val MAE+2STD": 0.9882268475161659,
    "Test MSE": 0.12134613676203622,
    "Test MAE": 0.30426182018385994,
    "Test MRE": 0.008124330236266056,
    "Test STD": 0.34198251366615295,
    "Test MAE+2STD": 0.9882268475161659
}