{
    "Train MSE": 0.11582802768264498,
    "Train MAE": 0.29870011186113166,
    "Train MRE": 0.007965833528385478,
    "Train STD": 0.3401193916797638,
    "Train MAE+2STD": 0.9789388952206592,
    "Val MSE": 0.11582802768264498,
    "Val MAE": 0.29870011186113166,
    "Val MRE": 0.007965833528385478,
    "Val STD": 0.3401193916797638,
    "Val MAE+2STD": 0.9789388952206592,
    "Test MSE": 0.11582802768264498,
    "Test MAE": 0.29870011186113166,
    "Test MRE": 0.007965833528385478,
    "Test STD": 0.3401193916797638,
    "Test MAE+2STD": 0.9789388952206592
}