{
    "Train MSE": 0.0007165720411399185,
    "Train MAE": 0.014581320191111951,
    "Train MRE": 0.00038876567427649397,
    "Train STD": 0.02673852203116824,
    "Train MAE+2STD": 0.06805836425344843,
    "Val MSE": 0.0011489784605975104,
    "Val MAE": 0.01885165680188502,
    "Val MRE": 0.0005027217226247946,
    "Val STD": 0.03387080793570876,
    "Val MAE+2STD": 0.08659327267330255,
    "Test MSE": 0.0007772109211860517,
    "Test MAE": 0.015888034044359574,
    "Test MRE": 0.00042475013541079027,
    "Test STD": 0.02787826671233898,
    "Test MAE+2STD": 0.07164456746903754
}