{
    "Train MSE": 0.00045348281197908256,
    "Train MAE": 0.01260250221192652,
    "Train MRE": 0.0003359785392253056,
    "Train Error": 0.0009995529780086174,
    "Train STD": 0.02127166438770687,
    "Train Error+2STD": 0.04354288175342236,
    "Val MSE": 0.0007741359972132976,
    "Val MAE": 0.016052605329494447,
    "Val MRE": 0.00042816916592970737,
    "Val Error": 0.0004003749604077757,
    "Val STD": 0.02782041870828647,
    "Val Error+2STD": 0.05604121237698072,
    "Test MSE": 0.0004719856103389302,
    "Test MAE": 0.01349136921454995,
    "Test MRE": 0.0003605135329025845,
    "Test Error": 3.8737891634186994e-05,
    "Test STD": 0.021725195274489063,
    "Test Error+2STD": 0.04348912844061231
}