{
    "Train MSE": 0.07830058143377101,
    "Train MAE": 0.22694122502545178,
    "Train MRE": 0.006050132285925443,
    "Train STD": 0.27964163141420756,
    "Train MAE+2STD": 0.7862244878538669,
    "Val MSE": 0.09361016046028343,
    "Val MAE": 0.2548736797055872,
    "Val MRE": 0.0067968988551932044,
    "Val STD": 0.3058693337522251,
    "Val MAE+2STD": 0.8666123472100373,
    "Test MSE": 0.09030598725725243,
    "Test MAE": 0.25424130016068613,
    "Test MRE": 0.006792214312523882,
    "Test STD": 0.29928531152502746,
    "Test MAE+2STD": 0.8528119232107411
}