{
    "Train MSE": 0.0007165720411399185,
    "Train MAE": 0.014581320191111951,
    "Train MRE": 0.00038876567427649397,
    "Train Error": 0.0012741588317981712,
    "Train STD": 0.02673852203116824,
    "Train Error+2STD": 0.05475120289413465,
    "Val MSE": 0.0011489784605975104,
    "Val MAE": 0.01885165680188502,
    "Val MRE": 0.0005027217226247946,
    "Val Error": 0.0013216771087669798,
    "Val STD": 0.03387080793570876,
    "Val Error+2STD": 0.0690632929801845,
    "Test MSE": 0.0007772109211860517,
    "Test MAE": 0.015888034044359574,
    "Test MRE": 0.00042475013541079027,
    "Test Error": 0.00011474450637795752,
    "Test STD": 0.02787826671233898,
    "Test Error+2STD": 0.055871277931055924
}