{
    "Train MSE": 0.23951590061187744,
    "Train MAE": 0.40131379167238873,
    "Train MRE": 0.010804142699473433,
    "Train STD": 0.3485666513442993,
    "Train MAE+2STD": 1.0984470943609874,
    "Val MSE": 0.23951590061187744,
    "Val MAE": 0.40131379167238873,
    "Val MRE": 0.010804142699473433,
    "Val STD": 0.3485666513442993,
    "Val MAE+2STD": 1.0984470943609874,
    "Test MSE": 0.23951590061187744,
    "Test MAE": 0.40131379167238873,
    "Test MRE": 0.010804142699473433,
    "Test STD": 0.3485666513442993,
    "Test MAE+2STD": 1.0984470943609874
}