{
    "Train MSE": 0.4047697067260742,
    "Train MAE": 0.5391171586513519,
    "Train MRE": 0.014586060792207717,
    "Train Error": -0.5173696446418762,
    "Train STD": 0.3702847957611084,
    "Train MAE+2STD": 1.2796867501735687,
    "Val MSE": 0.3572406470775604,
    "Val MAE": 0.4918344169855118,
    "Val MRE": 0.013307090848684311,
    "Val Error": -0.47874195873737335,
    "Val STD": 0.36054080724716187,
    "Val MAE+2STD": 1.2129160314798355,
    "Test MSE": 0.38929159194231033,
    "Test MAE": 0.5275650024414062,
    "Test MRE": 0.014267079532146454,
    "Test Error": -0.5182506740093231,
    "Test STD": 0.35998764634132385,
    "Test MAE+2STD": 1.247540295124054
}