{
    "Train MSE": 0.23562433981165595,
    "Train MAE": 0.393087912578972,
    "Train MRE": 0.010580518282949924,
    "Train STD": 0.35260477662086487,
    "Train MAE+2STD": 1.0982974658207016,
    "Val MSE": 0.23562433981165595,
    "Val MAE": 0.393087912578972,
    "Val MRE": 0.010580518282949924,
    "Val STD": 0.35260477662086487,
    "Val MAE+2STD": 1.0982974658207016,
    "Test MSE": 0.23562433981165595,
    "Test MAE": 0.393087912578972,
    "Test MRE": 0.010580518282949924,
    "Test STD": 0.35260477662086487,
    "Test MAE+2STD": 1.0982974658207016
}