{
    "Train MSE": 0.23936353623867035,
    "Train MAE": 0.4032570984628465,
    "Train MRE": 0.010856626348363029,
    "Train Error": -0.34400351179970634,
    "Train STD": 0.3485666513442993,
    "Train MAE+2STD": 1.1003904011514452,
    "Val MSE": 0.14587301202118397,
    "Val MAE": 0.2947854921221733,
    "Val MRE": 0.00793318054638803,
    "Val Error": -0.11633671075105667,
    "Val STD": 0.3436773419380188,
    "Val MAE+2STD": 0.9821401759982109,
    "Test MSE": 0.22247883677482605,
    "Test MAE": 0.4194777011871338,
    "Test MRE": 0.011291968636214733,
    "Test Error": -0.2865929752588272,
    "Test STD": 0.37650200724601746,
    "Test MAE+2STD": 1.1724817156791687
}