{
    "Train MSE": 0.4048615872859955,
    "Train MAE": 0.5385508346557617,
    "Train MRE": 0.014570951536297798,
    "Train STD": 0.3702847957611084,
    "Train MAE+2STD": 1.2791204261779785,
    "Val MSE": 0.4048615872859955,
    "Val MAE": 0.5385508346557617,
    "Val MRE": 0.014570951536297798,
    "Val STD": 0.3702847957611084,
    "Val MAE+2STD": 1.2791204261779785,
    "Test MSE": 0.4048615872859955,
    "Test MAE": 0.5385508346557617,
    "Test MRE": 0.014570951536297798,
    "Test STD": 0.3702847957611084,
    "Test MAE+2STD": 1.2791204261779785
}