{
    "Train MSE": 0.2355498540766385,
    "Train MAE": 0.39299995923528863,
    "Train MRE": 0.010578097785081791,
    "Train STD": 0.09198117256164551,
    "Train MAE+2STD": 0.5769623043585796,
    "Val MSE": 0.2355498540766385,
    "Val MAE": 0.39299995923528863,
    "Val MRE": 0.010578097785081791,
    "Val STD": 0.09198117256164551,
    "Val MAE+2STD": 0.5769623043585796,
    "Test MSE": 0.2355498540766385,
    "Test MAE": 0.39299995923528863,
    "Test MRE": 0.010578097785081791,
    "Test STD": 0.09198117256164551,
    "Test MAE+2STD": 0.5769623043585796
}