{
    "Train MSE": 0.24157669643561044,
    "Train MAE": 0.40280558665593463,
    "Train MRE": 0.01084361866944366,
    "Train STD": 0.08285818994045258,
    "Train MAE+2STD": 0.5685219665368397,
    "Val MSE": 0.24157669643561044,
    "Val MAE": 0.40280558665593463,
    "Val MRE": 0.01084361866944366,
    "Val STD": 0.08285818994045258,
    "Val MAE+2STD": 0.5685219665368397,
    "Test MSE": 0.24157669643561044,
    "Test MAE": 0.40280558665593463,
    "Test MRE": 0.01084361866944366,
    "Test STD": 0.08285818994045258,
    "Test MAE+2STD": 0.5685219665368397
}