{
    "Train MSE": 0.23494196485499946,
    "Train MAE": 0.39236193712876766,
    "Train MRE": 0.01056089064068332,
    "Train STD": 0.09198102355003357,
    "Train MAE+2STD": 0.5763239842288348,
    "Val MSE": 0.23494196485499946,
    "Val MAE": 0.39236193712876766,
    "Val MRE": 0.01056089064068332,
    "Val STD": 0.09198102355003357,
    "Val MAE+2STD": 0.5763239842288348,
    "Test MSE": 0.23494196485499946,
    "Test MAE": 0.39236193712876766,
    "Test MRE": 0.01056089064068332,
    "Test STD": 0.09198102355003357,
    "Test MAE+2STD": 0.5763239842288348
}