{
    "Train MSE": 0.22343220962927893,
    "Train MAE": 0.38382250987566435,
    "Train MRE": 0.010324714633707818,
    "Train Error": -0.3258187702068916,
    "Train STD": 0.34424251317977905,
    "Train MAE+2STD": 1.0723075362352223,
    "Val MSE": 0.22315601259469986,
    "Val MAE": 0.38896483182907104,
    "Val MRE": 0.010463397949934006,
    "Val Error": -0.33076487481594086,
    "Val STD": 0.3378472924232483,
    "Val MAE+2STD": 1.0646594166755676,
    "Test MSE": 0.2140272557735443,
    "Test MAE": 0.37186625599861145,
    "Test MRE": 0.010003423783928156,
    "Test Error": -0.3120261877775192,
    "Test STD": 0.3428524136543274,
    "Test MAE+2STD": 1.0575710833072662
}