{
    "Train MSE": 0.11825023412704468,
    "Train MAE": 0.30129006385803225,
    "Train MRE": 0.008029280360788107,
    "Train STD": 0.34251701831817627,
    "Train MAE+2STD": 0.9863241004943848,
    "Val MSE": 0.11825023412704468,
    "Val MAE": 0.30129006385803225,
    "Val MRE": 0.008029280360788107,
    "Val STD": 0.34251701831817627,
    "Val MAE+2STD": 0.9863241004943848,
    "Test MSE": 0.11825023412704468,
    "Test MAE": 0.30129006385803225,
    "Test MRE": 0.008029280360788107,
    "Test STD": 0.34251701831817627,
    "Test MAE+2STD": 0.9863241004943848
}