{
    "Train MSE": 0.11618908093525813,
    "Train MAE": 0.2997715381475595,
    "Train MRE": 0.007991889957338572,
    "Train STD": 0.3407643735408783,
    "Train MAE+2STD": 0.9813002852293161,
    "Val MSE": 0.11618908093525813,
    "Val MAE": 0.2997715381475595,
    "Val MRE": 0.007991889957338572,
    "Val STD": 0.3407643735408783,
    "Val MAE+2STD": 0.9813002852293161,
    "Test MSE": 0.11618908093525813,
    "Test MAE": 0.2997715381475595,
    "Test MRE": 0.007991889957338572,
    "Test STD": 0.3407643735408783,
    "Test MAE+2STD": 0.9813002852293161
}