{
    "Train MSE": 0.12569206076509812,
    "Train MAE": 0.30609560012817383,
    "Train MRE": 0.008147249655688511,
    "Train STD": 0.34468573331832886,
    "Train MAE+2STD": 0.9954670667648315,
    "Val MSE": 0.12569206076509812,
    "Val MAE": 0.30609560012817383,
    "Val MRE": 0.008147249655688511,
    "Val STD": 0.34468573331832886,
    "Val MAE+2STD": 0.9954670667648315,
    "Test MSE": 0.12569206076509812,
    "Test MAE": 0.30609560012817383,
    "Test MRE": 0.008147249655688511,
    "Test STD": 0.34468573331832886,
    "Test MAE+2STD": 0.9954670667648315
}