{
    "Train MSE": 0.11660186258646157,
    "Train MAE": 0.30037729556743914,
    "Train MRE": 0.008008039628083889,
    "Train STD": 0.3407643735408783,
    "Train MAE+2STD": 0.9819060426491957,
    "Val MSE": 0.11660186258646157,
    "Val MAE": 0.30037729556743914,
    "Val MRE": 0.008008039628083889,
    "Val STD": 0.3407643735408783,
    "Val MAE+2STD": 0.9819060426491957,
    "Test MSE": 0.11660186258646157,
    "Test MAE": 0.30037729556743914,
    "Test MRE": 0.008008039628083889,
    "Test STD": 0.3407643735408783,
    "Test MAE+2STD": 0.9819060426491957
}