{
    "Train MSE": 0.11786906033754349,
    "Train MAE": 0.3006541430950165,
    "Train MRE": 0.008012337796390056,
    "Train Error": 0.023238551840186118,
    "Train STD": 0.34251701831817627,
    "Train MAE+2STD": 0.985688179731369,
    "Val MSE": 0.10578341782093048,
    "Val MAE": 0.2735188603401184,
    "Val MRE": 0.0072891246527433395,
    "Val Error": -0.03503333032131195,
    "Val STD": 0.3470478057861328,
    "Val MAE+2STD": 0.967614471912384,
    "Test MSE": 0.11791477538645267,
    "Test MAE": 0.3009762242436409,
    "Test MRE": 0.008021003450267017,
    "Test Error": 0.0454656258225441,
    "Test STD": 0.3289686441421509,
    "Test MAE+2STD": 0.9589135125279427
}