{
    "Train MSE": 0.12327906489372253,
    "Train MAE": 0.3024752245229833,
    "Train MRE": 0.00805088721544427,
    "Train Error": 0.07085000416811775,
    "Train STD": 0.34468573331832886,
    "Train MAE+2STD": 0.9918466911596411,
    "Val MSE": 0.0899159883459409,
    "Val MAE": 0.24699637790520987,
    "Val MRE": 0.006574224292611082,
    "Val Error": 0.027713272099693615,
    "Val STD": 0.3418987989425659,
    "Val MAE+2STD": 0.9307939757903417,
    "Test MSE": 0.0864554022749265,
    "Test MAE": 0.25359366337458294,
    "Test MRE": 0.006749822137256463,
    "Test Error": 0.016949499646822613,
    "Test STD": 0.31901174783706665,
    "Test MAE+2STD": 0.8916171590487163
}