{
    "Train MSE": 0.12415762859232285,
    "Train MAE": 0.30443860853419585,
    "Train MRE": 0.00810314591645318,
    "Train STD": 2.519551117075025e-06,
    "Train MAE+2STD": 0.30444364763643,
    "Val MSE": 0.12415762859232285,
    "Val MAE": 0.30443860853419585,
    "Val MRE": 0.00810314591645318,
    "Val STD": 2.519551117075025e-06,
    "Val MAE+2STD": 0.30444364763643,
    "Test MSE": 0.12415762859232285,
    "Test MAE": 0.30443860853419585,
    "Test MRE": 0.00810314591645318,
    "Test STD": 2.519551117075025e-06,
    "Test MAE+2STD": 0.30444364763643
}