{
    "Train MSE": 0.11579413769336847,
    "Train MAE": 0.29827616994197553,
    "Train MRE": 0.007952023476648789,
    "Train STD": 7.493159046134679e-06,
    "Train MAE+2STD": 0.2982911562600678,
    "Val MSE": 0.11579413769336847,
    "Val MAE": 0.29827616994197553,
    "Val MRE": 0.007952023476648789,
    "Val STD": 7.493159046134679e-06,
    "Val MAE+2STD": 0.2982911562600678,
    "Test MSE": 0.11579413769336847,
    "Test MAE": 0.29827616994197553,
    "Test MRE": 0.007952023476648789,
    "Test STD": 7.493159046134679e-06,
    "Test MAE+2STD": 0.2982911562600678
}