{
    "Train MSE": 0.11708827546009651,
    "Train MAE": 0.30124848164044893,
    "Train MRE": 0.00803126530865064,
    "Train STD": 7.452562840626342e-06,
    "Train MAE+2STD": 0.3012633867661302,
    "Val MSE": 0.11708827546009651,
    "Val MAE": 0.30124848164044893,
    "Val MRE": 0.00803126530865064,
    "Val STD": 7.452562840626342e-06,
    "Val MAE+2STD": 0.3012633867661302,
    "Test MSE": 0.11708827546009651,
    "Test MAE": 0.30124848164044893,
    "Test MRE": 0.00803126530865064,
    "Test STD": 7.452562840626342e-06,
    "Test MAE+2STD": 0.3012633867661302
}