{
    "Train MSE": 0.1246153747244757,
    "Train MAE": 0.30178829966759196,
    "Train MRE": 0.008065497635730676,
    "Train Error": -0.08332239410706929,
    "Train STD": 0.34298941493034363,
    "Train MAE+2STD": 0.9877671295282793,
    "Val MSE": 0.10745080400790487,
    "Val MAE": 0.27235218456813265,
    "Val MRE": 0.007278802205941507,
    "Val Error": -0.05739518574305943,
    "Val STD": 0.3322632908821106,
    "Val MAE+2STD": 0.9368787663323539,
    "Test MSE": 0.12737269699573517,
    "Test MAE": 0.306853711605072,
    "Test MRE": 0.008200871359024729,
    "Test Error": -0.05943424653794084,
    "Test STD": 0.3400409519672394,
    "Test MAE+2STD": 0.9869356155395508
}