{
    "Train MSE": 0.12182594178354039,
    "Train MAE": 0.2973586075446185,
    "Train MRE": 0.007943804567570196,
    "Train STD": 0.34598156809806824,
    "Train MAE+2STD": 0.989321743740755,
    "Val MSE": 0.12182594178354039,
    "Val MAE": 0.2973586075446185,
    "Val MRE": 0.007943804567570196,
    "Val STD": 0.34598156809806824,
    "Val MAE+2STD": 0.989321743740755,
    "Test MSE": 0.12182594178354039,
    "Test MAE": 0.2973586075446185,
    "Test MRE": 0.007943804567570196,
    "Test STD": 0.34598156809806824,
    "Test MAE+2STD": 0.989321743740755
}