{
    "Train MSE": 0.17007823199033736,
    "Train MAE": 0.3305360066890717,
    "Train MRE": 0.008799604475498199,
    "Train Error": -0.018115593455731868,
    "Train STD": 0.4125654995441437,
    "Train MAE+2STD": 1.155667005777359,
    "Val MSE": 0.1329627688974142,
    "Val MAE": 0.2982724457979202,
    "Val MRE": 0.007959202164784074,
    "Val Error": -0.10322760045528412,
    "Val STD": 0.3904021680355072,
    "Val MAE+2STD": 1.0790767818689346,
    "Test MSE": 0.1691771224141121,
    "Test MAE": 0.322475329041481,
    "Test MRE": 0.00857229728717357,
    "Test Error": 0.019210971891880035,
    "Test STD": 0.42805537581443787,
    "Test MAE+2STD": 1.1785860806703568
}