{
    "Train MSE": 0.3415424677790428,
    "Train MAE": 0.5085576115822306,
    "Train MRE": 0.013433110843203505,
    "Train STD": 0.44023576378822327,
    "Train MAE+2STD": 1.389029139158677,
    "Val MSE": 0.3415424677790428,
    "Val MAE": 0.5085576115822306,
    "Val MRE": 0.013433110843203505,
    "Val STD": 0.44023576378822327,
    "Val MAE+2STD": 1.389029139158677,
    "Test MSE": 0.3415424677790428,
    "Test MAE": 0.5085576115822306,
    "Test MRE": 0.013433110843203505,
    "Test STD": 0.44023576378822327,
    "Test MAE+2STD": 1.389029139158677
}