{
    "Train MSE": 0.5352604556083679,
    "Train MAE": 0.6486500239372254,
    "Train MRE": 0.01760509707033634,
    "Train STD": 0.3395462930202484,
    "Train MAE+2STD": 1.3277426099777223,
    "Val MSE": 0.5352604556083679,
    "Val MAE": 0.6486500239372254,
    "Val MRE": 0.01760509707033634,
    "Val STD": 0.3395462930202484,
    "Val MAE+2STD": 1.3277426099777223,
    "Test MSE": 0.5352604556083679,
    "Test MAE": 0.6486500239372254,
    "Test MRE": 0.01760509707033634,
    "Test STD": 0.3395462930202484,
    "Test MAE+2STD": 1.3277426099777223
}