{
    "Train MSE": 0.5334008932113647,
    "Train MAE": 0.646701135635376,
    "Train MRE": 0.017551909014582635,
    "Train Error": -0.646701135635376,
    "Train STD": 0.3395463228225708,
    "Train MAE+2STD": 1.3257937812805176,
    "Val MSE": 0.566162958741188,
    "Val MAE": 0.6882082372903824,
    "Val MRE": 0.018676252104341984,
    "Val Error": -0.6882082372903824,
    "Val STD": 0.34341347217559814,
    "Val MAE+2STD": 1.3750351816415787,
    "Test MSE": 0.5042362362146378,
    "Test MAE": 0.635676234960556,
    "Test MRE": 0.017249522730708122,
    "Test Error": -0.635676234960556,
    "Test STD": 0.3346928060054779,
    "Test MAE+2STD": 1.3050618469715118
}