{
    "Train MSE": 0.12238364403738695,
    "Train MAE": 0.29895957778481874,
    "Train MRE": 0.007986378856003284,
    "Train Error": -0.05780582129955292,
    "Train STD": 0.34598156809806824,
    "Train MAE+2STD": 0.9909227139809552,
    "Val MSE": 0.1848478466272354,
    "Val MAE": 0.39035750428835553,
    "Val MRE": 0.01042956206947565,
    "Val Error": -0.1951443056265513,
    "Val STD": 0.38745245337486267,
    "Val MAE+2STD": 1.165262411038081,
    "Test MSE": 0.13990174482266107,
    "Test MAE": 0.32109389702479046,
    "Test MRE": 0.00856985772649447,
    "Test Error": -0.21062833070755005,
    "Test STD": 0.3239230513572693,
    "Test MAE+2STD": 0.9689399997393291
}