{
    "Train MSE": 0.3422691092199209,
    "Train MAE": 0.5093383120030773,
    "Train MRE": 0.013453173793244119,
    "Train STD": 0.4402357339859009,
    "Train MAE+2STD": 1.389809779974879,
    "Val MSE": 0.3422691092199209,
    "Val MAE": 0.5093383120030773,
    "Val MRE": 0.013453173793244119,
    "Val STD": 0.4402357339859009,
    "Val MAE+2STD": 1.389809779974879,
    "Test MSE": 0.3422691092199209,
    "Test MAE": 0.5093383120030773,
    "Test MRE": 0.013453173793244119,
    "Test STD": 0.4402357339859009,
    "Test MAE+2STD": 1.389809779974879
}