{
    "Train MSE": 0.34204619636341016,
    "Train MAE": 0.50898598894781,
    "Train MRE": 0.013444656088035934,
    "Train STD": 0.49433714151382446,
    "Train MAE+2STD": 1.4976602719754588,
    "Val MSE": 0.34204619636341016,
    "Val MAE": 0.50898598894781,
    "Val MRE": 0.013444656088035934,
    "Val STD": 0.49433714151382446,
    "Val MAE+2STD": 1.4976602719754588,
    "Test MSE": 0.34204619636341016,
    "Test MAE": 0.50898598894781,
    "Test MRE": 0.013444656088035934,
    "Test STD": 0.49433714151382446,
    "Test MAE+2STD": 1.4976602719754588
}