{
    "Train MSE": 0.12255399060599945,
    "Train MAE": 0.2986995262258193,
    "Train MRE": 0.007979148341452373,
    "Train STD": 0.137403666973114,
    "Train MAE+2STD": 0.5735068601720473,
    "Val MSE": 0.12255399060599945,
    "Val MAE": 0.2986995262258193,
    "Val MRE": 0.007979148341452373,
    "Val STD": 0.137403666973114,
    "Val MAE+2STD": 0.5735068601720473,
    "Test MSE": 0.12255399060599945,
    "Test MAE": 0.2986995262258193,
    "Test MRE": 0.007979148341452373,
    "Test STD": 0.137403666973114,
    "Test MAE+2STD": 0.5735068601720473
}