{
    "Train MSE": 0.33867287039756777,
    "Train MAE": 0.46270032167434694,
    "Train MRE": 0.012324473150074481,
    "Train Error": -0.031724143326282504,
    "Train STD": 0.5822624564170837,
    "Train MAE+2STD": 1.6272252345085145,
    "Val MSE": 0.2713841162621975,
    "Val MAE": 0.42473478615283966,
    "Val MRE": 0.011329750996083021,
    "Val Error": 0.0024221688508987427,
    "Val STD": 0.5588387846946716,
    "Val MAE+2STD": 1.542412355542183,
    "Test MSE": 0.35666006058454514,
    "Test MAE": 0.4746924489736557,
    "Test MRE": 0.0126347451005131,
    "Test Error": -0.05252138897776604,
    "Test STD": 0.6139408349990845,
    "Test MAE+2STD": 1.7025741189718246
}