{
    "Train MSE": 0.30639080868826973,
    "Train MAE": 0.4508793221579658,
    "Train MRE": 0.012172897967199484,
    "Train STD": 0.22716547548770905,
    "Train MAE+2STD": 0.9052102731333839,
    "Val MSE": 0.30639080868826973,
    "Val MAE": 0.4508793221579658,
    "Val MRE": 0.012172897967199484,
    "Val STD": 0.22716547548770905,
    "Val MAE+2STD": 0.9052102731333839,
    "Test MSE": 0.30639080868826973,
    "Test MAE": 0.4508793221579658,
    "Test MRE": 0.012172897967199484,
    "Test STD": 0.22716547548770905,
    "Test MAE+2STD": 0.9052102731333839
}