{
    "Train MSE": 0.2576311445236206,
    "Train MAE": 0.41509358525276185,
    "Train MRE": 0.01095923040062189,
    "Train Error": 0.3653243672847748,
    "Train STD": 0.3531838357448578,
    "Train MAE+2STD": 1.1214612567424775,
    "Val MSE": 0.2693398930132389,
    "Val MAE": 0.4173126518726349,
    "Val MRE": 0.01101556490175426,
    "Val Error": 0.36438144743442535,
    "Val STD": 0.3505205512046814,
    "Val MAE+2STD": 1.1183537542819977,
    "Test MSE": 0.2793631963431835,
    "Test MAE": 0.44805413484573364,
    "Test MRE": 0.011827968992292881,
    "Test Error": 0.4076368808746338,
    "Test STD": 0.3448143005371094,
    "Test MAE+2STD": 1.1376827359199524
}