{
    "Train MSE": 0.6340642929077148,
    "Train MAE": 0.6568282651901245,
    "Train MRE": 0.01715547777712345,
    "Train STD": 0.28816401958465576,
    "Train MAE+2STD": 1.233156304359436,
    "Val MSE": 0.6340642929077148,
    "Val MAE": 0.6568282651901245,
    "Val MRE": 0.01715547777712345,
    "Val STD": 0.28816401958465576,
    "Val MAE+2STD": 1.233156304359436,
    "Test MSE": 0.6340642929077148,
    "Test MAE": 0.6568282651901245,
    "Test MRE": 0.01715547777712345,
    "Test STD": 0.28816401958465576,
    "Test MAE+2STD": 1.233156304359436
}