{
    "Train MSE": 0.3415667033195496,
    "Train MAE": 0.4643378686904907,
    "Train MRE": 0.012368550039827824,
    "Train STD": 0.5822624564170837,
    "Train MAE+2STD": 1.6288627815246581,
    "Val MSE": 0.3415667033195496,
    "Val MAE": 0.4643378686904907,
    "Val MRE": 0.012368550039827824,
    "Val STD": 0.5822624564170837,
    "Val MAE+2STD": 1.6288627815246581,
    "Test MSE": 0.3415667033195496,
    "Test MAE": 0.4643378686904907,
    "Test MRE": 0.012368550039827824,
    "Test STD": 0.5822624564170837,
    "Test MAE+2STD": 1.6288627815246581
}