{
    "Train MSE": 0.6359112739562989,
    "Train MAE": 0.6603640961647034,
    "Train MRE": 0.01725000321865082,
    "Train STD": 0.2881641089916229,
    "Train MAE+2STD": 1.2366923141479491,
    "Val MSE": 0.6359112739562989,
    "Val MAE": 0.6603640961647034,
    "Val MRE": 0.01725000321865082,
    "Val STD": 0.2881641089916229,
    "Val MAE+2STD": 1.2366923141479491,
    "Test MSE": 0.6359112739562989,
    "Test MAE": 0.6603640961647034,
    "Test MRE": 0.01725000321865082,
    "Test STD": 0.2881641089916229,
    "Test MAE+2STD": 1.2366923141479491
}