{
    "Train MSE": 0.2999495036072201,
    "Train MAE": 0.4439265231291453,
    "Train MRE": 0.011982816892365614,
    "Train Error": -0.3813624646928575,
    "Train STD": 0.3999283015727997,
    "Train MAE+2STD": 1.2437831262747447,
    "Val MSE": 0.4393025264143944,
    "Val MAE": 0.5751814693212509,
    "Val MRE": 0.015505090355873108,
    "Val Error": -0.5371097475290298,
    "Val STD": 0.3729250729084015,
    "Val MAE+2STD": 1.321031615138054,
    "Test MSE": 0.22622182220220566,
    "Test MAE": 0.39320024847984314,
    "Test MRE": 0.010593853890895844,
    "Test Error": -0.2537827715277672,
    "Test STD": 0.4072119891643524,
    "Test MAE+2STD": 1.207624226808548
}