{
    "Train MSE": 0.6320679473876953,
    "Train MAE": 0.6570861363410949,
    "Train MRE": 0.017163808345794677,
    "Train STD": 0.44820770621299744,
    "Train MAE+2STD": 1.5535015487670898,
    "Val MSE": 0.6320679473876953,
    "Val MAE": 0.6570861363410949,
    "Val MRE": 0.017163808345794677,
    "Val STD": 0.44820770621299744,
    "Val MAE+2STD": 1.5535015487670898,
    "Test MSE": 0.6320679473876953,
    "Test MAE": 0.6570861363410949,
    "Test MRE": 0.017163808345794677,
    "Test STD": 0.44820770621299744,
    "Test MAE+2STD": 1.5535015487670898
}