{
    "Train MSE": 0.3059906131691403,
    "Train MAE": 0.4463649027877384,
    "Train MRE": 0.012051461781892512,
    "Train STD": 0.39992833137512207,
    "Train MAE+2STD": 1.2462215655379825,
    "Val MSE": 0.3059906131691403,
    "Val MAE": 0.4463649027877384,
    "Val MRE": 0.012051461781892512,
    "Val STD": 0.39992833137512207,
    "Val MAE+2STD": 1.2462215655379825,
    "Test MSE": 0.3059906131691403,
    "Test MAE": 0.4463649027877384,
    "Test MRE": 0.012051461781892512,
    "Test STD": 0.39992833137512207,
    "Test MAE+2STD": 1.2462215655379825
}