{
    "Train MSE": 0.00015190809455403918,
    "Train MAE": 0.005367969091788146,
    "Train MRE": 0.00014315207374014966,
    "Train Error": 5.0914916797195704e-05,
    "Train STD": 0.012324995019280404,
    "Train Error+2STD": 0.024700904955358004,
    "Val MSE": 0.0365981855154715,
    "Val MAE": 0.12949360626817077,
    "Val MRE": 0.0034592726949130015,
    "Val Error": -0.02562644904350459,
    "Val STD": 0.18958235842211732,
    "Val Error+2STD": 0.35353826780073005,
    "Test MSE": 0.03642176800522715,
    "Test MAE": 0.12625587837715058,
    "Test MRE": 0.00337456167474896,
    "Test Error": -0.023458464322312793,
    "Test STD": 0.18939764638681744,
    "Test Error+2STD": 0.3553368284513221
}