{
    "Train MSE": 0.00015190809455403918,
    "Train MAE": 0.005367969091788146,
    "Train MRE": 0.00014315207374014966,
    "Train STD": 0.012324995019280404,
    "Train MAE+2STD": 0.030017959130348954,
    "Val MSE": 0.0365981855154715,
    "Val MAE": 0.12949360626817077,
    "Val MRE": 0.0034592726949130015,
    "Val STD": 0.18958235842211732,
    "Val MAE+2STD": 0.5086583231124054,
    "Test MSE": 0.03642176800522715,
    "Test MAE": 0.12625587837715058,
    "Test MRE": 0.00337456167474896,
    "Test STD": 0.18939764638681744,
    "Test MAE+2STD": 0.5050511711507855
}