{
    "Train MSE": 0.0002128559703979083,
    "Train MAE": 0.005868418128106335,
    "Train MRE": 0.00015653110778286416,
    "Train STD": 0.014589583465151669,
    "Train MAE+2STD": 0.03504758505840967,
    "Val MSE": 0.0031536144228440453,
    "Val MAE": 0.02905089407750166,
    "Val MRE": 0.0007732686101934405,
    "Val STD": 0.05585842184320764,
    "Val MAE+2STD": 0.14076773776391693,
    "Test MSE": 0.003468470820924827,
    "Test MAE": 0.02698861210244667,
    "Test MRE": 0.000720824119410239,
    "Test STD": 0.05887026006699651,
    "Test MAE+2STD": 0.14472913223643968
}