{
    "Train MSE": 0.010802741510701108,
    "Train MAE": 0.07845660713727041,
    "Train MRE": 0.0020918841528541946,
    "Train Error": 0.00031865133506068843,
    "Train STD": 0.1039357492493693,
    "Train Error+2STD": 0.20819014983379927,
    "Val MSE": 0.09221697573192404,
    "Val MAE": 0.22917634758918115,
    "Val MRE": 0.006116622792580642,
    "Val Error": -0.02701357779623671,
    "Val STD": 0.30246858075934224,
    "Val Error+2STD": 0.5779235837224478,
    "Test MSE": 0.0775352161796807,
    "Test MAE": 0.22585645662917836,
    "Test MRE": 0.006036269997797498,
    "Test Error": -0.04592168614981415,
    "Test STD": 0.2746386988769767,
    "Test Error+2STD": 0.5033557116041392
}