{
    "Train MSE": 0.002350979328478571,
    "Train MAE": 0.03199136064951291,
    "Train MRE": 0.0008534094292711628,
    "Train Error": -0.0006958930620370846,
    "Train STD": 0.04848190447295547,
    "Train Error+2STD": 0.09626791588387386,
    "Val MSE": 0.020385986084728736,
    "Val MAE": 0.09884762359254506,
    "Val MRE": 0.0026337666830709406,
    "Val Error": 0.0028324004460849313,
    "Val STD": 0.14275140487029106,
    "Val Error+2STD": 0.288335210186667,
    "Test MSE": 0.016085038705209817,
    "Test MAE": 0.08441216409801228,
    "Test MRE": 0.002255604050495262,
    "Test Error": -0.010100262969393686,
    "Test STD": 0.1264239826661022,
    "Test Error+2STD": 0.2427477023628107
}