{
    "Train MSE": 0.010802741510701108,
    "Train MAE": 0.07845660713727041,
    "Train MRE": 0.0020918841528541946,
    "Train STD": 0.1039357492493693,
    "Train MAE+2STD": 0.286328105636009,
    "Val MSE": 0.09221697573192404,
    "Val MAE": 0.22917634758918115,
    "Val MRE": 0.006116622792580642,
    "Val STD": 0.30246858075934224,
    "Val MAE+2STD": 0.8341135091078656,
    "Test MSE": 0.0775352161796807,
    "Test MAE": 0.22585645662917836,
    "Test MRE": 0.006036269997797498,
    "Test STD": 0.2746386988769767,
    "Test MAE+2STD": 0.7751338543831316
}