{
    "Train MSE": 0.2862706166856429,
    "Train MAE": 0.4335165584788603,
    "Train MRE": 0.01143770812846282,
    "Train STD": 0.2545959949493408,
    "Train MAE+2STD": 0.9427085483775419,
    "Val MSE": 0.2862706166856429,
    "Val MAE": 0.4335165584788603,
    "Val MRE": 0.01143770812846282,
    "Val STD": 0.2545959949493408,
    "Val MAE+2STD": 0.9427085483775419,
    "Test MSE": 0.2862706166856429,
    "Test MAE": 0.4335165584788603,
    "Test MRE": 0.01143770812846282,
    "Test STD": 0.2545959949493408,
    "Test MAE+2STD": 0.9427085483775419
}