{
    "Train MSE": 0.2879688494345721,
    "Train MAE": 0.4350983500480652,
    "Train MRE": 0.011478798573507983,
    "Train Error": 0.34193673203973207,
    "Train STD": 0.41419774293899536,
    "Train MAE+2STD": 1.263493835926056,
    "Val MSE": 0.3606540461381276,
    "Val MAE": 0.43326036135355633,
    "Val MRE": 0.011395489796996117,
    "Val Error": 0.36526991923650104,
    "Val STD": 0.4121265113353729,
    "Val MAE+2STD": 1.2575133840243022,
    "Test MSE": 0.4668020208676656,
    "Test MAE": 0.5403525233268738,
    "Test MRE": 0.014186261842648188,
    "Test Error": 0.4519123037656148,
    "Test STD": 0.47461479902267456,
    "Test MAE+2STD": 1.489582121372223
}