{
    "Train MSE": 0.15720057028990525,
    "Train MAE": 0.33222315403131336,
    "Train MRE": 0.008887580094429163,
    "Train STD": 0.16183073818683624,
    "Train MAE+2STD": 0.6558846304049859,
    "Val MSE": 0.15720057028990525,
    "Val MAE": 0.33222315403131336,
    "Val MRE": 0.008887580094429163,
    "Val STD": 0.16183073818683624,
    "Val MAE+2STD": 0.6558846304049859,
    "Test MSE": 0.15720057028990525,
    "Test MAE": 0.33222315403131336,
    "Test MRE": 0.008887580094429163,
    "Test STD": 0.16183073818683624,
    "Test MAE+2STD": 0.6558846304049859
}