{
    "Train MSE": 0.2902589685776654,
    "Train MAE": 0.43755539901116314,
    "Train MRE": 0.01154306174858528,
    "Train STD": 0.41419774293899536,
    "Train MAE+2STD": 1.2659508848891539,
    "Val MSE": 0.2902589685776654,
    "Val MAE": 0.43755539901116314,
    "Val MRE": 0.01154306174858528,
    "Val STD": 0.41419774293899536,
    "Val MAE+2STD": 1.2659508848891539,
    "Test MSE": 0.2902589685776654,
    "Test MAE": 0.43755539901116314,
    "Test MRE": 0.01154306174858528,
    "Test STD": 0.41419774293899536,
    "Test MAE+2STD": 1.2659508848891539
}