{
    "Train MSE": 0.1557084356363003,
    "Train MAE": 0.33150253846095157,
    "Train MRE": 0.00886624177487997,
    "Train STD": 0.1618308126926422,
    "Train MAE+2STD": 0.655164163846236,
    "Val MSE": 0.1557084356363003,
    "Val MAE": 0.33150253846095157,
    "Val MRE": 0.00886624177487997,
    "Val STD": 0.1618308126926422,
    "Val MAE+2STD": 0.655164163846236,
    "Test MSE": 0.1557084356363003,
    "Test MAE": 0.33150253846095157,
    "Test MRE": 0.00886624177487997,
    "Test STD": 0.1618308126926422,
    "Test MAE+2STD": 0.655164163846236
}