{
    "Train MSE": 0.15598551699748406,
    "Train MAE": 0.3305280873408684,
    "Train MRE": 0.008842180196482401,
    "Train STD": 0.3738628029823303,
    "Train MAE+2STD": 1.0782536933055291,
    "Val MSE": 0.15598551699748406,
    "Val MAE": 0.3305280873408684,
    "Val MRE": 0.008842180196482401,
    "Val STD": 0.3738628029823303,
    "Val MAE+2STD": 1.0782536933055291,
    "Test MSE": 0.15598551699748406,
    "Test MAE": 0.3305280873408684,
    "Test MRE": 0.008842180196482401,
    "Test STD": 0.3738628029823303,
    "Test MAE+2STD": 1.0782536933055291
}