{
    "Train MSE": 0.1548285289452626,
    "Train MAE": 0.32917444751812863,
    "Train MRE": 0.008804767320935544,
    "Train Error": -0.11772349046973082,
    "Train STD": 0.37386277318000793,
    "Train MAE+2STD": 1.0768999938781445,
    "Val MSE": 0.1557650789618492,
    "Val MAE": 0.3292143940925598,
    "Val MRE": 0.008800954557955265,
    "Val Error": -0.08779287338256836,
    "Val STD": 0.38352662324905396,
    "Val MAE+2STD": 1.0962676405906677,
    "Test MSE": 0.1532922461628914,
    "Test MAE": 0.32785288989543915,
    "Test MRE": 0.0087686562910676,
    "Test Error": -0.0962841548025608,
    "Test STD": 0.38140466809272766,
    "Test MAE+2STD": 1.0906622260808945
}