{
    "Train MSE": 0.12051783800125122,
    "Train MAE": 0.30657821893692017,
    "Train MRE": 0.008180363476276398,
    "Train STD": 0.3436241149902344,
    "Train MAE+2STD": 0.9938264489173889,
    "Val MSE": 0.12051783800125122,
    "Val MAE": 0.30657821893692017,
    "Val MRE": 0.008180363476276398,
    "Val STD": 0.3436241149902344,
    "Val MAE+2STD": 0.9938264489173889,
    "Test MSE": 0.12051783800125122,
    "Test MAE": 0.30657821893692017,
    "Test MRE": 0.008180363476276398,
    "Test STD": 0.3436241149902344,
    "Test MAE+2STD": 0.9938264489173889
}