{
    "Train MSE": 0.11576860610927854,
    "Train MAE": 0.29826885218522986,
    "Train MRE": 0.00795464607297766,
    "Train STD": 0.01229424960911274,
    "Train MAE+2STD": 0.32285735140345534,
    "Val MSE": 0.11576860610927854,
    "Val MAE": 0.29826885218522986,
    "Val MRE": 0.00795464607297766,
    "Val STD": 0.01229424960911274,
    "Val MAE+2STD": 0.32285735140345534,
    "Test MSE": 0.11576860610927854,
    "Test MAE": 0.29826885218522986,
    "Test MRE": 0.00795464607297766,
    "Test STD": 0.01229424960911274,
    "Test MAE+2STD": 0.32285735140345534
}