{
    "Train MSE": 0.11856077313423156,
    "Train MAE": 0.3010060012340546,
    "Train MRE": 0.008031637407839298,
    "Train STD": 0.004151790868490934,
    "Train MAE+2STD": 0.30930958297103645,
    "Val MSE": 0.11856077313423156,
    "Val MAE": 0.3010060012340546,
    "Val MRE": 0.008031637407839298,
    "Val STD": 0.004151790868490934,
    "Val MAE+2STD": 0.30930958297103645,
    "Test MSE": 0.11856077313423156,
    "Test MAE": 0.3010060012340546,
    "Test MRE": 0.008031637407839298,
    "Test STD": 0.004151790868490934,
    "Test MAE+2STD": 0.30930958297103645
}