{
    "Train MSE": 0.11574275700413451,
    "Train MAE": 0.29819206254822866,
    "Train MRE": 0.007952598018609747,
    "Train STD": 0.3403428792953491,
    "Train MAE+2STD": 0.9788778211389269,
    "Val MSE": 0.11574275700413451,
    "Val MAE": 0.29819206254822866,
    "Val MRE": 0.007952598018609747,
    "Val STD": 0.3403428792953491,
    "Val MAE+2STD": 0.9788778211389269,
    "Test MSE": 0.11574275700413451,
    "Test MAE": 0.29819206254822866,
    "Test MRE": 0.007952598018609747,
    "Test STD": 0.3403428792953491,
    "Test MAE+2STD": 0.9788778211389269
}