{
    "Train MSE": 0.11599502545230243,
    "Train MAE": 0.29869648692559225,
    "Train MRE": 0.007966055202164821,
    "Train STD": 0.012294335290789604,
    "Train MAE+2STD": 0.32328515750717146,
    "Val MSE": 0.11599502545230243,
    "Val MAE": 0.29869648692559225,
    "Val MRE": 0.007966055202164821,
    "Val STD": 0.012294335290789604,
    "Val MAE+2STD": 0.32328515750717146,
    "Test MSE": 0.11599502545230243,
    "Test MAE": 0.29869648692559225,
    "Test MRE": 0.007966055202164821,
    "Test STD": 0.012294335290789604,
    "Test MAE+2STD": 0.32328515750717146
}