{
    "Train MSE": 0.13439126540811694,
    "Train MAE": 0.31090591635022846,
    "Train MRE": 0.008261349327786237,
    "Train Error": 0.13377159894729146,
    "Train STD": 0.34143897891044617,
    "Train MAE+2STD": 0.9937838741711208,
    "Val MSE": 0.1469068420784814,
    "Val MAE": 0.32979702949523926,
    "Val MRE": 0.00876335400555815,
    "Val Error": 0.1809595993586949,
    "Val STD": 0.343037873506546,
    "Val MAE+2STD": 1.0158727765083313,
    "Test MSE": 0.12784468808344432,
    "Test MAE": 0.3054588564804622,
    "Test MRE": 0.008116624517632383,
    "Test Error": 0.1208207585981914,
    "Test STD": 0.342181921005249,
    "Test MAE+2STD": 0.9898226984909603
}