{
    "Train MSE": 0.11498675495386124,
    "Train MAE": 0.2970255255699158,
    "Train MRE": 0.00792551776394248,
    "Train Error": -0.0157939056516625,
    "Train STD": 0.3436241149902344,
    "Train MAE+2STD": 0.9842737555503845,
    "Val MSE": 0.1137930303812027,
    "Val MAE": 0.29565879702568054,
    "Val MRE": 0.007888966239988804,
    "Val Error": -0.03400345519185066,
    "Val STD": 0.3369024097919464,
    "Val MAE+2STD": 0.9694636166095734,
    "Test MSE": 0.11141637712717056,
    "Test MAE": 0.28930118680000305,
    "Test MRE": 0.0077195302583277225,
    "Test Error": -0.033527955412864685,
    "Test STD": 0.3333776295185089,
    "Test MAE+2STD": 0.9560564458370209
}