{
    "Train MSE": 0.11569170349714708,
    "Train MAE": 0.2981439774133721,
    "Train MRE": 0.007951313553720104,
    "Train STD": 0.3403429090976715,
    "Train MAE+2STD": 0.9788297956087151,
    "Val MSE": 0.11569170349714708,
    "Val MAE": 0.2981439774133721,
    "Val MRE": 0.007951313553720104,
    "Val STD": 0.3403429090976715,
    "Val MAE+2STD": 0.9788297956087151,
    "Test MSE": 0.11569170349714708,
    "Test MAE": 0.2981439774133721,
    "Test MRE": 0.007951313553720104,
    "Test STD": 0.3403429090976715,
    "Test MAE+2STD": 0.9788297956087151
}