{
    "Train MSE": 0.11853679478168487,
    "Train MAE": 0.30127837777137756,
    "Train MRE": 0.008027896732091904,
    "Train STD": 0.34205761551856995,
    "Train MAE+2STD": 0.9853936088085175,
    "Val MSE": 0.11853679478168487,
    "Val MAE": 0.30127837777137756,
    "Val MRE": 0.008027896732091904,
    "Val STD": 0.34205761551856995,
    "Val MAE+2STD": 0.9853936088085175,
    "Test MSE": 0.11853679478168487,
    "Test MAE": 0.30127837777137756,
    "Test MRE": 0.008027896732091904,
    "Test STD": 0.34205761551856995,
    "Test MAE+2STD": 0.9853936088085175
}