{
    "Train MSE": 0.1181570303440094,
    "Train MAE": 0.30086061120033264,
    "Train MRE": 0.008016755748540163,
    "Train Error": 0.030921352952718736,
    "Train STD": 0.34205761551856995,
    "Train MAE+2STD": 0.9849758422374726,
    "Val MSE": 0.1107175424695015,
    "Val MAE": 0.2905999571084976,
    "Val MRE": 0.007742874673567712,
    "Val Error": -0.025258779525756836,
    "Val STD": 0.34879070520401,
    "Val MAE+2STD": 0.9881813675165176,
    "Test MSE": 0.11832604557275772,
    "Test MAE": 0.29587841033935547,
    "Test MRE": 0.00788412569090724,
    "Test Error": 0.011391719337552786,
    "Test STD": 0.3319704830646515,
    "Test MAE+2STD": 0.9598193764686584
}