{
    "Train MSE": 0.004226499511430756,
    "Train MAE": 0.049141820829754046,
    "Train MRE": 0.0013102599536102114,
    "Train Error": 5.138309760653992e-07,
    "Train STD": 0.06501153367800774,
    "Train Error+2STD": 0.13002358118699156,
    "Val MSE": 0.0823900456897484,
    "Val MAE": 0.22535836243197224,
    "Val MRE": 0.006009292476962311,
    "Val Error": -0.0001048283498728232,
    "Val STD": 0.2870366434808724,
    "Val Error+2STD": 0.573968458611872,
    "Test MSE": 0.07619824986364793,
    "Test MAE": 0.21790892898546035,
    "Test MRE": 0.005817607986057366,
    "Test Error": -0.015464170702676533,
    "Test STD": 0.2756068019627353,
    "Test Error+2STD": 0.535749433222794
}