{
    "Train MSE": 0.11602030853340728,
    "Train MAE": 0.2984398325701917,
    "Train MRE": 0.007958113355613895,
    "Train Error": 0.0014775084208251297,
    "Train STD": 0.34061433543272024,
    "Train Error+2STD": 0.6827061792862656,
    "Val MSE": 0.1154592914748489,
    "Val MAE": 0.2990276903266292,
    "Val MRE": 0.007976195808555183,
    "Val Error": -0.0036582626540901265,
    "Val STD": 0.33977331941928957,
    "Val Error+2STD": 0.675888376184489,
    "Test MSE": 0.11980066272489594,
    "Test MAE": 0.3070754867700192,
    "Test MRE": 0.008208532546581963,
    "Test Error": -0.052865810167092984,
    "Test STD": 0.3420612062778719,
    "Test Error+2STD": 0.6312566023886508
}