{
    "Train MSE": 0.10733311028371992,
    "Train MAE": 0.281328013805557,
    "Train MRE": 0.007501931190716927,
    "Train STD": 0.32761608646091883,
    "Train MAE+2STD": 0.9365601867273947,
    "Val MSE": 0.12294980969060626,
    "Val MAE": 0.3002541955526975,
    "Val MRE": 0.008009261512181762,
    "Val STD": 0.35063636376592233,
    "Val MAE+2STD": 1.0015269230845423,
    "Test MSE": 0.12489037309985929,
    "Test MAE": 0.30558137136839764,
    "Test MRE": 0.008168652478256863,
    "Test STD": 0.3492592000862928,
    "Test MAE+2STD": 1.0040997715409832
}