{
    "Train MSE": 0.0007358135840787236,
    "Train MAE": 0.01572658474781757,
    "Train MRE": 0.0004194302763305422,
    "Train Error": 3.474720101310694e-05,
    "Train STD": 0.027125861768997228,
    "Train Error+2STD": 0.05428647073900756,
    "Val MSE": 0.02014175799633827,
    "Val MAE": 0.09127233255414127,
    "Val MRE": 0.0024313453197045915,
    "Val Error": 0.006600775540943947,
    "Val STD": 0.1417680773608655,
    "Val Error+2STD": 0.29013693026267495,
    "Test MSE": 0.020112001820747745,
    "Test MAE": 0.0897160618555178,
    "Test MRE": 0.002394175519804954,
    "Test Error": -0.0006452742177053367,
    "Test STD": 0.14181532160500754,
    "Test Error+2STD": 0.28298536899230975
}