{
    "Train MSE": 0.10733311028371992,
    "Train MAE": 0.281328013805557,
    "Train MRE": 0.007501931190716927,
    "Train Error": 0.0009000976345149572,
    "Train STD": 0.32761608646091883,
    "Train Error+2STD": 0.6561322705563526,
    "Val MSE": 0.12294980969060626,
    "Val MAE": 0.3002541955526975,
    "Val MRE": 0.008009261512181762,
    "Val Error": -0.001987484746621357,
    "Val STD": 0.35063636376592233,
    "Val Error+2STD": 0.6992852427852233,
    "Test MSE": 0.12489037309985929,
    "Test MAE": 0.30558137136839764,
    "Test MRE": 0.008168652478256863,
    "Test Error": -0.05392943773990392,
    "Test STD": 0.3492592000862928,
    "Test Error+2STD": 0.6445889624326817
}