{
    "Train MSE": 0.0007358135840787236,
    "Train MAE": 0.01572658474781757,
    "Train MRE": 0.0004194302763305422,
    "Train STD": 0.027125861768997228,
    "Train MAE+2STD": 0.06997830828581203,
    "Val MSE": 0.02014175799633827,
    "Val MAE": 0.09127233255414127,
    "Val MRE": 0.0024313453197045915,
    "Val STD": 0.1417680773608655,
    "Val MAE+2STD": 0.37480848727587224,
    "Test MSE": 0.020112001820747745,
    "Test MAE": 0.0897160618555178,
    "Test MRE": 0.002394175519804954,
    "Test STD": 0.14181532160500754,
    "Test MAE+2STD": 0.37334670506553286
}