{
    "Train MSE": 0.1182353201569343,
    "Train MAE": 0.2995237020813689,
    "Train MRE": 0.007979500516108712,
    "Train Error": 0.03804304443147718,
    "Train STD": 0.34156492352485657,
    "Train MAE+2STD": 0.982653549131082,
    "Val MSE": 0.11846637938703809,
    "Val MAE": 0.2942843437194824,
    "Val MRE": 0.007841045169958047,
    "Val Error": 0.013843655586242676,
    "Val STD": 0.3466733396053314,
    "Val MAE+2STD": 0.9876310229301453,
    "Test MSE": 0.12285044150693077,
    "Test MAE": 0.3100714555808476,
    "Test MRE": 0.008261510969272681,
    "Test Error": 0.03718534820447011,
    "Test STD": 0.35036754608154297,
    "Test MAE+2STD": 1.0108065477439334
}