{
    "Train MSE": 0.11754308115033542,
    "Train MAE": 0.30124791755395774,
    "Train MRE": 0.008029108154861367,
    "Train STD": 0.3440479338169098,
    "Train MAE+2STD": 0.9893437851877773,
    "Val MSE": 0.11754308115033542,
    "Val MAE": 0.30124791755395774,
    "Val MRE": 0.008029108154861367,
    "Val STD": 0.3440479338169098,
    "Val MAE+2STD": 0.9893437851877773,
    "Test MSE": 0.11754308115033542,
    "Test MAE": 0.30124791755395774,
    "Test MRE": 0.008029108154861367,
    "Test STD": 0.3440479338169098,
    "Test MAE+2STD": 0.9893437851877773
}