{
    "Train MSE": 0.11813415009148266,
    "Train MAE": 0.29893598264577437,
    "Train MRE": 0.007961444328634106,
    "Train STD": 0.3409377932548523,
    "Train MAE+2STD": 0.980811569155479,
    "Val MSE": 0.11813415009148266,
    "Val MAE": 0.29893598264577437,
    "Val MRE": 0.007961444328634106,
    "Val STD": 0.3409377932548523,
    "Val MAE+2STD": 0.980811569155479,
    "Test MSE": 0.11813415009148266,
    "Test MAE": 0.29893598264577437,
    "Test MRE": 0.007961444328634106,
    "Test STD": 0.3409377932548523,
    "Test MAE+2STD": 0.980811569155479
}