{
    "Train MSE": 0.11948288004009092,
    "Train MAE": 0.2991452946954844,
    "Train MRE": 0.007989476738991787,
    "Train Error": -0.06058328636750883,
    "Train STD": 0.34063056111335754,
    "Train MAE+2STD": 0.9804064169221995,
    "Val MSE": 0.11524313581841332,
    "Val MAE": 0.2940751910209656,
    "Val MRE": 0.00785400572099856,
    "Val Error": -0.08421433823449272,
    "Val STD": 0.3300713300704956,
    "Val MAE+2STD": 0.9542178511619568,
    "Test MSE": 0.1210420589361872,
    "Test MAE": 0.2974072907652174,
    "Test MRE": 0.007943093244518553,
    "Test Error": -0.011910774878093175,
    "Test STD": 0.3604605197906494,
    "Test MAE+2STD": 1.0183283303465163
}