{
    "Train MSE": 0.1180350345616438,
    "Train MAE": 0.29885049255526797,
    "Train MRE": 0.007959167520534627,
    "Train STD": 0.3409377932548523,
    "Train MAE+2STD": 0.9807260790649726,
    "Val MSE": 0.1180350345616438,
    "Val MAE": 0.29885049255526797,
    "Val MRE": 0.007959167520534627,
    "Val STD": 0.3409377932548523,
    "Val MAE+2STD": 0.9807260790649726,
    "Test MSE": 0.1180350345616438,
    "Test MAE": 0.29885049255526797,
    "Test MRE": 0.007959167520534627,
    "Test STD": 0.3409377932548523,
    "Test MAE+2STD": 0.9807260790649726
}