{
    "Train MSE": 0.11983373213787468,
    "Train MAE": 0.29967445925790437,
    "Train MRE": 0.00800361085150923,
    "Train STD": 0.34063056111335754,
    "Train MAE+2STD": 0.9809355814846195,
    "Val MSE": 0.11983373213787468,
    "Val MAE": 0.29967445925790437,
    "Val MRE": 0.00800361085150923,
    "Val STD": 0.34063056111335754,
    "Val MAE+2STD": 0.9809355814846195,
    "Test MSE": 0.11983373213787468,
    "Test MAE": 0.29967445925790437,
    "Test MRE": 0.00800361085150923,
    "Test STD": 0.34063056111335754,
    "Test MAE+2STD": 0.9809355814846195
}