{
    "Train MSE": 0.11942903478355969,
    "Train MAE": 0.30406490318915425,
    "Train MRE": 0.008104188942953068,
    "Train Error": 0.011447387583115521,
    "Train STD": 0.3440479338169098,
    "Train MAE+2STD": 0.9921607708229738,
    "Val MSE": 0.08128029853105545,
    "Val MAE": 0.24224160114924112,
    "Val MRE": 0.006456422929962476,
    "Val Error": 0.06044698413461447,
    "Val STD": 0.306867778301239,
    "Val MAE+2STD": 0.8559771577517191,
    "Test MSE": 0.14057648181915283,
    "Test MAE": 0.32794485489527386,
    "Test MRE": 0.008740656698743502,
    "Test Error": 0.11009971300760905,
    "Test STD": 0.34932705760002136,
    "Test MAE+2STD": 1.0265989700953166
}