{
    "Train MSE": 0.11817885570380153,
    "Train MAE": 0.29898140077688257,
    "Train MRE": 0.007962654021625616,
    "Train STD": 0.0,
    "Train MAE+2STD": 0.29898140077688257,
    "Val MSE": 0.11817885570380153,
    "Val MAE": 0.29898140077688257,
    "Val MRE": 0.007962654021625616,
    "Val STD": 0.0,
    "Val MAE+2STD": 0.29898140077688257,
    "Test MSE": 0.11817885570380153,
    "Test MAE": 0.29898140077688257,
    "Test MRE": 0.007962654021625616,
    "Test STD": 0.0,
    "Test MAE+2STD": 0.29898140077688257
}