{
    "Train MSE": 0.11821794950840425,
    "Train MAE": 0.2990023280893053,
    "Train MRE": 0.007963211361166775,
    "Train STD": 0.0,
    "Train MAE+2STD": 0.2990023280893053,
    "Val MSE": 0.11821794950840425,
    "Val MAE": 0.2990023280893053,
    "Val MRE": 0.007963211361166775,
    "Val STD": 0.0,
    "Val MAE+2STD": 0.2990023280893053,
    "Test MSE": 0.11821794950840425,
    "Test MAE": 0.2990023280893053,
    "Test MRE": 0.007963211361166775,
    "Test STD": 0.0,
    "Test MAE+2STD": 0.2990023280893053
}