{
    "Train MSE": 0.11661038635408177,
    "Train MAE": 0.2995289774502025,
    "Train MRE": 0.007983293713015668,
    "Train STD": 5.82614711674978e-06,
    "Train MAE+2STD": 0.299540629744436,
    "Val MSE": 0.11661038635408177,
    "Val MAE": 0.2995289774502025,
    "Val MRE": 0.007983293713015668,
    "Val STD": 5.82614711674978e-06,
    "Val MAE+2STD": 0.299540629744436,
    "Test MSE": 0.11661038635408177,
    "Test MAE": 0.2995289774502025,
    "Test MRE": 0.007983293713015668,
    "Test STD": 5.82614711674978e-06,
    "Test MAE+2STD": 0.299540629744436
}