{
    "Train MSE": 0.22387296049033895,
    "Train MAE": 0.40948161307503195,
    "Train MRE": 0.011032311191015384,
    "Train Error": -0.30168401143130136,
    "Train STD": 0.36668869853019714,
    "Train MAE+2STD": 1.1428590101354263,
    "Val MSE": 0.21783472100893655,
    "Val MAE": 0.4120292564233144,
    "Val MRE": 0.01109402347356081,
    "Val Error": -0.2872811754544576,
    "Val STD": 0.37483295798301697,
    "Val MAE+2STD": 1.1616951723893483,
    "Test MSE": 0.17781349644064903,
    "Test MAE": 0.3201817075411479,
    "Test MRE": 0.008618969780703386,
    "Test Error": -0.15685284758607546,
    "Test STD": 0.4308994710445404,
    "Test MAE+2STD": 1.1819806496302288
}