{
    "Train MSE": 0.05834656642103682,
    "Train MAE": 0.19423759531001655,
    "Train MRE": 0.005164533815517717,
    "Train STD": 0.28452423214912415,
    "Train MAE+2STD": 0.7632860596082649,
    "Val MSE": 0.05834656642103682,
    "Val MAE": 0.19423759531001655,
    "Val MRE": 0.005164533815517717,
    "Val STD": 0.28452423214912415,
    "Val MAE+2STD": 0.7632860596082649,
    "Test MSE": 0.05834656642103682,
    "Test MAE": 0.19423759531001655,
    "Test MRE": 0.005164533815517717,
    "Test STD": 0.28452423214912415,
    "Test MAE+2STD": 0.7632860596082649
}