{
    "Train MSE": 0.22538727521896362,
    "Train MAE": 0.40974701853359446,
    "Train MRE": 0.011038643417551237,
    "Train STD": 0.36668872833251953,
    "Train MAE+2STD": 1.1431244751986336,
    "Val MSE": 0.22538727521896362,
    "Val MAE": 0.40974701853359446,
    "Val MRE": 0.011038643417551237,
    "Val STD": 0.36668872833251953,
    "Val MAE+2STD": 1.1431244751986336,
    "Test MSE": 0.22538727521896362,
    "Test MAE": 0.40974701853359446,
    "Test MRE": 0.011038643417551237,
    "Test STD": 0.36668872833251953,
    "Test MAE+2STD": 1.1431244751986336
}