{
    "Train MSE": 0.22466136427486644,
    "Train MAE": 0.40978892410502715,
    "Train MRE": 0.011038889177143574,
    "Train STD": 0.3595448434352875,
    "Train MAE+2STD": 1.1288786109756022,
    "Val MSE": 0.22466136427486644,
    "Val MAE": 0.40978892410502715,
    "Val MRE": 0.011038889177143574,
    "Val STD": 0.3595448434352875,
    "Val MAE+2STD": 1.1288786109756022,
    "Test MSE": 0.22466136427486644,
    "Test MAE": 0.40978892410502715,
    "Test MRE": 0.011038889177143574,
    "Test STD": 0.3595448434352875,
    "Test MAE+2STD": 1.1288786109756022
}