{
    "Train MSE": 0.05853560620120594,
    "Train MAE": 0.1946891649645202,
    "Train MRE": 0.00517662752381697,
    "Train STD": 0.28452423214912415,
    "Train MAE+2STD": 0.7637376292627684,
    "Val MSE": 0.05853560620120594,
    "Val MAE": 0.1946891649645202,
    "Val MRE": 0.00517662752381697,
    "Val STD": 0.28452423214912415,
    "Val MAE+2STD": 0.7637376292627684,
    "Test MSE": 0.05853560620120594,
    "Test MAE": 0.1946891649645202,
    "Test MRE": 0.00517662752381697,
    "Test STD": 0.28452423214912415,
    "Test MAE+2STD": 0.7637376292627684
}