{
    "Train MSE": 0.058343003751063834,
    "Train MAE": 0.19427786615430093,
    "Train MRE": 0.005165688379914785,
    "Train STD": 0.21466784179210663,
    "Train MAE+2STD": 0.6236135497385142,
    "Val MSE": 0.058343003751063834,
    "Val MAE": 0.19427786615430093,
    "Val MRE": 0.005165688379914785,
    "Val STD": 0.21466784179210663,
    "Val MAE+2STD": 0.6236135497385142,
    "Test MSE": 0.058343003751063834,
    "Test MAE": 0.19427786615430093,
    "Test MRE": 0.005165688379914785,
    "Test STD": 0.21466784179210663,
    "Test MAE+2STD": 0.6236135497385142
}