{
    "Train MSE": 0.058259357147070825,
    "Train MAE": 0.19403062578366728,
    "Train MRE": 0.005159032369526673,
    "Train Error": 0.11081266464019308,
    "Train STD": 0.21466784179210663,
    "Train MAE+2STD": 0.6233663093678805,
    "Val MSE": 0.057167474180459976,
    "Val MAE": 0.19163967030388968,
    "Val MRE": 0.005095907021313906,
    "Val Error": 0.11541319744927543,
    "Val STD": 0.20905840396881104,
    "Val MAE+2STD": 0.6097564782415117,
    "Test MSE": 0.06575459667614528,
    "Test MAE": 0.20384494747434342,
    "Test MRE": 0.005414904560893774,
    "Test Error": 0.09018530803067344,
    "Test STD": 0.23093003034591675,
    "Test MAE+2STD": 0.665705008166177
}