{
    "Train MSE": 4.934105039115878e-05,
    "Train MAE": 0.004624247802715863,
    "Train MRE": 0.00012327729059852805,
    "Train STD": 0.007024295215328838,
    "Train MAE+2STD": 0.01867283823337354,
    "Val MSE": 0.003359192305116259,
    "Val MAE": 0.03832546124976463,
    "Val MRE": 0.0010208143861080612,
    "Val STD": 0.05795853776464925,
    "Val MAE+2STD": 0.15424253677906313,
    "Test MSE": 0.0038318414709463348,
    "Test MAE": 0.037900706548606555,
    "Test MRE": 0.0010113994931059554,
    "Test STD": 0.061852857516068095,
    "Test MAE+2STD": 0.16160642158074273
}