{
    "Train MSE": 4.934105039115878e-05,
    "Train MAE": 0.004624247802715863,
    "Train MRE": 0.00012327729059852805,
    "Train Error": -1.8086433235448455e-05,
    "Train STD": 0.007024295215328838,
    "Train Error+2STD": 0.014030503997422228,
    "Val MSE": 0.003359192305116259,
    "Val MAE": 0.03832546124976463,
    "Val MRE": 0.0010208143861080612,
    "Val Error": 1.432829318768083e-05,
    "Val STD": 0.05795853776464925,
    "Val Error+2STD": 0.11593140382248618,
    "Test MSE": 0.0038318414709463348,
    "Test MAE": 0.037900706548606555,
    "Test MRE": 0.0010113994931059554,
    "Test Error": 0.0024628211553650355,
    "Test STD": 0.061852857516068095,
    "Test Error+2STD": 0.12616853618750123
}