{
    "Train MSE": 0.004321333910292936,
    "Train MAE": 0.045538150741524785,
    "Train MRE": 0.0012144465398292246,
    "Train Error": -3.684584158992407e-05,
    "Train STD": 0.0657368431906864,
    "Train Error+2STD": 0.13143684053978288,
    "Val MSE": 0.0520310051099878,
    "Val MAE": 0.16128166778098965,
    "Val MRE": 0.004302731704408785,
    "Val Error": 0.0024710692561049716,
    "Val STD": 0.2280896729944592,
    "Val Error+2STD": 0.45865041524502337,
    "Test MSE": 0.04757148047382201,
    "Test MAE": 0.15165240744246097,
    "Test MRE": 0.004051735313900851,
    "Test Error": -0.012437648772783319,
    "Test STD": 0.21775395603025655,
    "Test Error+2STD": 0.4230702632877298
}