{
    "Train MSE": 0.004321333910292936,
    "Train MAE": 0.045538150741524785,
    "Train MRE": 0.0012144465398292246,
    "Train STD": 0.0657368431906864,
    "Train MAE+2STD": 0.1770118371228976,
    "Val MSE": 0.0520310051099878,
    "Val MAE": 0.16128166778098965,
    "Val MRE": 0.004302731704408785,
    "Val STD": 0.2280896729944592,
    "Val MAE+2STD": 0.617461013769908,
    "Test MSE": 0.04757148047382201,
    "Test MAE": 0.15165240744246097,
    "Test MRE": 0.004051735313900851,
    "Test STD": 0.21775395603025655,
    "Test MAE+2STD": 0.5871603195029741
}