{
    "Train MSE": 0.18988672064410317,
    "Train MAE": 0.3452565206421746,
    "Train MRE": 0.00927774276998308,
    "Train Error": -0.22438083423508537,
    "Train STD": 0.3802632689476013,
    "Train MAE+2STD": 1.1057830585373774,
    "Val MSE": 0.1777498722076416,
    "Val MAE": 0.34990574419498444,
    "Val MRE": 0.00941139878705144,
    "Val Error": -0.27947191894054413,
    "Val STD": 0.38542842864990234,
    "Val MAE+2STD": 1.1207626014947891,
    "Test MSE": 0.3030495196580887,
    "Test MAE": 0.43263962864875793,
    "Test MRE": 0.011683055665344,
    "Test Error": -0.3443596363067627,
    "Test STD": 0.3981446623802185,
    "Test MAE+2STD": 1.228928953409195
}