{
    "Train MSE": 0.7157008045790146,
    "Train MAE": 0.5217879426722624,
    "Train MRE": 0.014359062974702338,
    "Train Error": -0.21849507397534895,
    "Train STD": 0.8175858855247498,
    "Train MAE+2STD": 2.1569597137217618,
    "Val MSE": 0.8985591105052403,
    "Val MAE": 0.6235038893563407,
    "Val MRE": 0.01718384413314717,
    "Val Error": -0.2870036023003714,
    "Val STD": 0.8588854670524597,
    "Val MAE+2STD": 2.3412748234612604,
    "Test MSE": 0.8181544329438891,
    "Test MAE": 0.553571275302342,
    "Test MRE": 0.015258699389440673,
    "Test Error": -0.24215085165841238,
    "Test STD": 0.8063039779663086,
    "Test MAE+2STD": 2.1661792312349593
}