{
    "Train MSE": 0.7138789867868229,
    "Train MAE": 0.5213351201037971,
    "Train MRE": 0.014345068332492088,
    "Train STD": 0.8175858855247498,
    "Train MAE+2STD": 2.1565068911532967,
    "Val MSE": 0.7138789867868229,
    "Val MAE": 0.5213351201037971,
    "Val MRE": 0.014345068332492088,
    "Val STD": 0.8175858855247498,
    "Val MAE+2STD": 2.1565068911532967,
    "Test MSE": 0.7138789867868229,
    "Test MAE": 0.5213351201037971,
    "Test MRE": 0.014345068332492088,
    "Test STD": 0.8175858855247498,
    "Test MAE+2STD": 2.1565068911532967
}