{
    "Train MSE": 0.7176943944424999,
    "Train MAE": 0.5223396456971461,
    "Train MRE": 0.014374795255764407,
    "Train STD": 0.7442205548286438,
    "Train MAE+2STD": 2.0107807553544337,
    "Val MSE": 0.7176943944424999,
    "Val MAE": 0.5223396456971461,
    "Val MRE": 0.014374795255764407,
    "Val STD": 0.7442205548286438,
    "Val MAE+2STD": 2.0107807553544337,
    "Test MSE": 0.7176943944424999,
    "Test MAE": 0.5223396456971461,
    "Test MRE": 0.014374795255764407,
    "Test STD": 0.7442205548286438,
    "Test MAE+2STD": 2.0107807553544337
}