{
    "Train MSE": 0.19489829904503292,
    "Train MAE": 0.34870779183175826,
    "Train MRE": 0.009372749883267615,
    "Train STD": 0.3802632689476013,
    "Train MAE+2STD": 1.109234329726961,
    "Val MSE": 0.19489829904503292,
    "Val MAE": 0.34870779183175826,
    "Val MRE": 0.009372749883267615,
    "Val STD": 0.3802632689476013,
    "Val MAE+2STD": 1.109234329726961,
    "Test MSE": 0.19489829904503292,
    "Test MAE": 0.34870779183175826,
    "Test MRE": 0.009372749883267615,
    "Test STD": 0.3802632689476013,
    "Test MAE+2STD": 1.109234329726961
}