{
    "Train MSE": 0.19222109847598606,
    "Train MAE": 0.3429516653219859,
    "Train MRE": 0.0092157114090191,
    "Train STD": 0.3187189996242523,
    "Train MAE+2STD": 0.9803896645704906,
    "Val MSE": 0.19222109847598606,
    "Val MAE": 0.3429516653219859,
    "Val MRE": 0.0092157114090191,
    "Val STD": 0.3187189996242523,
    "Val MAE+2STD": 0.9803896645704906,
    "Test MSE": 0.19222109847598606,
    "Test MAE": 0.3429516653219859,
    "Test MRE": 0.0092157114090191,
    "Test STD": 0.3187189996242523,
    "Test MAE+2STD": 0.9803896645704906
}