{
    "Train MSE": 0.7152143826290053,
    "Train MAE": 0.521479034302186,
    "Train MRE": 0.014350577542672351,
    "Train STD": 0.7442207336425781,
    "Train MAE+2STD": 2.0099205015873425,
    "Val MSE": 0.7152143826290053,
    "Val MAE": 0.521479034302186,
    "Val MRE": 0.014350577542672351,
    "Val STD": 0.7442207336425781,
    "Val MAE+2STD": 2.0099205015873425,
    "Test MSE": 0.7152143826290053,
    "Test MAE": 0.521479034302186,
    "Test MRE": 0.014350577542672351,
    "Test STD": 0.7442207336425781,
    "Test MAE+2STD": 2.0099205015873425
}