{
    "Train MSE": 0.11698366971128268,
    "Train MAE": 0.30032078169549775,
    "Train MRE": 0.008008821106842022,
    "Train STD": 0.3420185927609889,
    "Train MAE+2STD": 0.9843579672174756,
    "Val MSE": 0.11652930173992986,
    "Val MAE": 0.30154165939684086,
    "Val MRE": 0.008039490964571405,
    "Val STD": 0.34133590932228125,
    "Val MAE+2STD": 0.9842134780414034,
    "Test MSE": 0.11426709525788875,
    "Test MAE": 0.2958861108304296,
    "Test MRE": 0.007899449824235887,
    "Test STD": 0.3370747700408072,
    "Test MAE+2STD": 0.970035650912044
}