{
    "Train MSE": 0.11407184200735519,
    "Train MAE": 0.2956489199515321,
    "Train MRE": 0.007883171388205401,
    "Train Error": 0.007618563939108817,
    "Train STD": 0.33765929498661945,
    "Train Error+2STD": 0.6829371539123478,
    "Val MSE": 0.11481789363127923,
    "Val MAE": 0.2984836064088456,
    "Val MRE": 0.007956940388821304,
    "Val Error": 0.010217827802140578,
    "Val STD": 0.33869379921440107,
    "Val Error+2STD": 0.6876054262309427,
    "Test MSE": 0.1124305073896003,
    "Test MAE": 0.29213363809849496,
    "Test MRE": 0.007798124305411242,
    "Test Error": -0.019391029521748544,
    "Test STD": 0.33474541873442715,
    "Test Error+2STD": 0.6500998079471058
}