{
    "Train MSE": 0.1167936412442497,
    "Train MAE": 0.29961755621524255,
    "Train MRE": 0.007988723017338967,
    "Train Error": 0.005152680491673127,
    "Train STD": 0.3417120002692332,
    "Train Error+2STD": 0.6885766810301396,
    "Val MSE": 0.11381652948607865,
    "Val MAE": 0.29694579029811247,
    "Val MRE": 0.00791943221114802,
    "Val Error": 0.0022900705119125717,
    "Val STD": 0.33735928186894326,
    "Val Error+2STD": 0.6770086342497991,
    "Test MSE": 0.11870202799880866,
    "Test MAE": 0.3061061305854157,
    "Test MRE": 0.008181667890061408,
    "Test Error": -0.04809165546912273,
    "Test STD": 0.3411586444354706,
    "Test Error+2STD": 0.6342256334018185
}