{
    "Train MSE": 0.11698366971128268,
    "Train MAE": 0.30032078169549775,
    "Train MRE": 0.008008821106842022,
    "Train Error": 0.002636648834326643,
    "Train STD": 0.3420185927609889,
    "Train Error+2STD": 0.6866738343563045,
    "Val MSE": 0.11652930173992986,
    "Val MAE": 0.30154165939684086,
    "Val MRE": 0.008039490964571405,
    "Val Error": 0.004370211329129178,
    "Val STD": 0.34133590932228125,
    "Val Error+2STD": 0.6870420299736917,
    "Test MSE": 0.11426709525788875,
    "Test MAE": 0.2958861108304296,
    "Test MRE": 0.007899449824235887,
    "Test Error": -0.025449845968604393,
    "Test STD": 0.3370747700408072,
    "Test Error+2STD": 0.64869969411301
}