{
    "Train MSE": 0.11514836754298384,
    "Train MAE": 0.2975080271771925,
    "Train MRE": 0.007933032026155319,
    "Train STD": 0.3392777980938376,
    "Train MAE+2STD": 0.9760636233648677,
    "Val MSE": 0.11578700974404425,
    "Val MAE": 0.30023045956249855,
    "Val MRE": 0.008003844685286095,
    "Val STD": 0.340170240423415,
    "Val MAE+2STD": 0.9805709404093286,
    "Test MSE": 0.11327309124334382,
    "Test MAE": 0.29405190512478707,
    "Test MRE": 0.007849755916987609,
    "Test STD": 0.3358667021782032,
    "Test MAE+2STD": 0.9657853094811935
}