{
    "Train MSE": 0.11761565589242512,
    "Train MAE": 0.29900292224354214,
    "Train MRE": 0.00796276294729776,
    "Train STD": 0.3429975211620331,
    "Train MAE+2STD": 0.9849979645676084,
    "Val MSE": 0.11761565589242512,
    "Val MAE": 0.29900292224354214,
    "Val MRE": 0.00796276294729776,
    "Val STD": 0.3429975211620331,
    "Val MAE+2STD": 0.9849979645676084,
    "Test MSE": 0.11761565589242512,
    "Test MAE": 0.29900292224354214,
    "Test MRE": 0.00796276294729776,
    "Test STD": 0.3429975211620331,
    "Test MAE+2STD": 0.9849979645676084
}