{
    "Train MSE": 0.13261439708562997,
    "Train MAE": 0.3078320324420929,
    "Train MRE": 0.008182983558911543,
    "Train Error": 0.1216569164624581,
    "Train STD": 0.34162887930870056,
    "Train MAE+2STD": 0.991089791059494,
    "Val MSE": 0.1250581331551075,
    "Val MAE": 0.2964307963848114,
    "Val MRE": 0.007879908895120025,
    "Val Error": 0.10007940232753754,
    "Val STD": 0.3399139940738678,
    "Val MAE+2STD": 0.976258784532547,
    "Test MSE": 0.1355983093380928,
    "Test MAE": 0.31347815692424774,
    "Test MRE": 0.008333072066307068,
    "Test Error": 0.14036759734153748,
    "Test STD": 0.3430592715740204,
    "Test MAE+2STD": 0.9995967000722885
}