{
    "Train MSE": 0.11822245406861208,
    "Train MAE": 0.29907420824985115,
    "Train MRE": 0.007983397122244445,
    "Train STD": 0.34189048409461975,
    "Train MAE+2STD": 0.9828551764390907,
    "Val MSE": 0.11822245406861208,
    "Val MAE": 0.29907420824985115,
    "Val MRE": 0.007983397122244445,
    "Val STD": 0.34189048409461975,
    "Val MAE+2STD": 0.9828551764390907,
    "Test MSE": 0.11822245406861208,
    "Test MAE": 0.29907420824985115,
    "Test MRE": 0.007983397122244445,
    "Test STD": 0.34189048409461975,
    "Test MAE+2STD": 0.9828551764390907
}