{
    "Train MSE": 0.11589041709899903,
    "Train MAE": 0.29880770802497864,
    "Train MRE": 0.007968351915478707,
    "Train Error": -0.0014444321393966674,
    "Train STD": 0.3409528434276581,
    "Train MAE+2STD": 0.9807133948802949,
    "Val MSE": 0.10282784141600132,
    "Val MAE": 0.27932707965373993,
    "Val MRE": 0.007448859163559973,
    "Val Error": -0.011627227067947388,
    "Val STD": 0.3461078107357025,
    "Val MAE+2STD": 0.971542701125145,
    "Test MSE": 0.1043764017522335,
    "Test MAE": 0.27729445695877075,
    "Test MRE": 0.007394654676318169,
    "Test Error": 0.03603149950504303,
    "Test STD": 0.34248512983322144,
    "Test MAE+2STD": 0.9622647166252136
}