{
    "Train MSE": 0.11805335797217427,
    "Train MAE": 0.29874812461891953,
    "Train MRE": 0.007974704622994272,
    "Train STD": 0.34189048409461975,
    "Train MAE+2STD": 0.982529092808159,
    "Val MSE": 0.11805335797217427,
    "Val MAE": 0.29874812461891953,
    "Val MRE": 0.007974704622994272,
    "Val STD": 0.34189048409461975,
    "Val MAE+2STD": 0.982529092808159,
    "Test MSE": 0.11805335797217427,
    "Test MAE": 0.29874812461891953,
    "Test MRE": 0.007974704622994272,
    "Test STD": 0.34189048409461975,
    "Test MAE+2STD": 0.982529092808159
}