{
    "Train MSE": 0.11832755378314427,
    "Train MAE": 0.299236141297282,
    "Train MRE": 0.00798777802562227,
    "Train STD": 0.0507153645157814,
    "Train MAE+2STD": 0.4006668703288448,
    "Val MSE": 0.11832755378314427,
    "Val MAE": 0.299236141297282,
    "Val MRE": 0.00798777802562227,
    "Val STD": 0.0507153645157814,
    "Val MAE+2STD": 0.4006668703288448,
    "Test MSE": 0.11832755378314427,
    "Test MAE": 0.299236141297282,
    "Test MRE": 0.00798777802562227,
    "Test STD": 0.0507153645157814,
    "Test MAE+2STD": 0.4006668703288448
}