{
    "Train MSE": 0.12819076845279107,
    "Train MAE": 0.3033500588857211,
    "Train MRE": 0.00806384075146455,
    "Train STD": 0.34162887930870056,
    "Train MAE+2STD": 0.9866078175031222,
    "Val MSE": 0.12819076845279107,
    "Val MAE": 0.3033500588857211,
    "Val MRE": 0.00806384075146455,
    "Val STD": 0.34162887930870056,
    "Val MAE+2STD": 0.9866078175031222,
    "Test MSE": 0.12819076845279107,
    "Test MAE": 0.3033500588857211,
    "Test MRE": 0.00806384075146455,
    "Test STD": 0.34162887930870056,
    "Test MAE+2STD": 0.9866078175031222
}