{
    "Train MSE": 0.12371900429328282,
    "Train MAE": 0.3076649573114183,
    "Train MRE": 0.008193443011906412,
    "Train STD": 0.0002498911344446242,
    "Train MAE+2STD": 0.30816473958030755,
    "Val MSE": 0.12371900429328282,
    "Val MAE": 0.3076649573114183,
    "Val MRE": 0.008193443011906412,
    "Val STD": 0.0002498911344446242,
    "Val MAE+2STD": 0.30816473958030755,
    "Test MSE": 0.12371900429328282,
    "Test MAE": 0.3076649573114183,
    "Test MRE": 0.008193443011906412,
    "Test STD": 0.0002498911344446242,
    "Test MAE+2STD": 0.30816473958030755
}