{
    "Train MSE": 0.11808684346627216,
    "Train MAE": 0.29894442217690603,
    "Train MRE": 0.007979920666132654,
    "Train STD": 0.05071524158120155,
    "Train MAE+2STD": 0.40037490533930914,
    "Val MSE": 0.11808684346627216,
    "Val MAE": 0.29894442217690603,
    "Val MRE": 0.007979920666132654,
    "Val STD": 0.05071524158120155,
    "Val MAE+2STD": 0.40037490533930914,
    "Test MSE": 0.11808684346627216,
    "Test MAE": 0.29894442217690603,
    "Test MRE": 0.007979920666132654,
    "Test STD": 0.05071524158120155,
    "Test MAE+2STD": 0.40037490533930914
}