{
    "Train MSE": 0.11912105398045646,
    "Train MAE": 0.2997502187887828,
    "Train MRE": 0.007982665983339151,
    "Train Error": 0.041571739647123546,
    "Train STD": 0.3429975211620331,
    "Train MAE+2STD": 0.985745261112849,
    "Val MSE": 0.09814032539725304,
    "Val MAE": 0.2792002558708191,
    "Val MRE": 0.007435404229909182,
    "Val Error": 0.18318459391593933,
    "Val STD": 0.31577304005622864,
    "Val MAE+2STD": 0.9107463359832764,
    "Test MSE": 0.08956296741962433,
    "Test MAE": 0.26492083817720413,
    "Test MRE": 0.007055110763758421,
    "Test Error": -0.03311330825090408,
    "Test STD": 0.3563776910305023,
    "Test MAE+2STD": 0.9776762202382088
}