{
    "Train MSE": 0.11517111522689359,
    "Train MAE": 0.29747608503633444,
    "Train MRE": 0.00793318905414522,
    "Train STD": 0.3393659815756032,
    "Train MAE+2STD": 0.9762080481875408,
    "Val MSE": 0.1163067656145754,
    "Val MAE": 0.3008053268403341,
    "Val MRE": 0.00802005436480009,
    "Val STD": 0.3410192806512372,
    "Val MAE+2STD": 0.9828438881428085,
    "Test MSE": 0.11289208671138176,
    "Test MAE": 0.2937978348679979,
    "Test MRE": 0.007844019003791771,
    "Test STD": 0.3349622340988222,
    "Test MAE+2STD": 0.9637223030656423
}