{
    "Train MSE": 0.11532620014222641,
    "Train MAE": 0.29777964832306814,
    "Train MRE": 0.007940518104430404,
    "Train STD": 0.3395592873337949,
    "Train MAE+2STD": 0.976898222990658,
    "Val MSE": 0.11593995133960418,
    "Val MAE": 0.3004179376319994,
    "Val MRE": 0.008008894948738915,
    "Val STD": 0.34041625638546436,
    "Val MAE+2STD": 0.9812504504029281,
    "Test MSE": 0.11314020994709179,
    "Test MAE": 0.29405961821048326,
    "Test MRE": 0.007850078029753349,
    "Test STD": 0.33560504426291143,
    "Test MAE+2STD": 0.9652697067363061
}