{
    "Train MSE": 0.11600002958546068,
    "Train MAE": 0.2988302181703258,
    "Train MRE": 0.007969698202399388,
    "Train Error": -0.0003970550521628157,
    "Train STD": 0.34058753930927393,
    "Train Error+2STD": 0.6807780235663851,
    "Val MSE": 0.11625096382495512,
    "Val MAE": 0.3011106789888565,
    "Val MRE": 0.008028595855389651,
    "Val Error": 0.001672520268160953,
    "Val STD": 0.34095185364052166,
    "Val Error+2STD": 0.6835762275492043,
    "Test MSE": 0.11365459488024772,
    "Test MAE": 0.29487411319834406,
    "Test MRE": 0.007873071514155944,
    "Test Error": -0.028007750786589992,
    "Test STD": 0.33596154657359817,
    "Test Error+2STD": 0.6439153423606063
}