{
    "Train MSE": 2.702774819205789,
    "Train MAE": 1.5832820780137007,
    "Train MRE": 0.040467593599768245,
    "Train STD": 0.44563835859298706,
    "Train MAE+2STD": 2.474558795199675,
    "Val MSE": 2.702774819205789,
    "Val MAE": 1.5832820780137007,
    "Val MRE": 0.040467593599768245,
    "Val STD": 0.44563835859298706,
    "Val MAE+2STD": 2.474558795199675,
    "Test MSE": 2.702774819205789,
    "Test MAE": 1.5832820780137007,
    "Test MRE": 0.040467593599768245,
    "Test STD": 0.44563835859298706,
    "Test MAE+2STD": 2.474558795199675
}