{
    "Train MSE": 1.8458397021660438,
    "Train MAE": 1.2997207183104296,
    "Train MRE": 0.03593554347753525,
    "Train STD": 0.20581921935081482,
    "Train MAE+2STD": 1.7113591570120592,
    "Val MSE": 1.8458397021660438,
    "Val MAE": 1.2997207183104296,
    "Val MRE": 0.03593554347753525,
    "Val STD": 0.20581921935081482,
    "Val MAE+2STD": 1.7113591570120592,
    "Test MSE": 1.8458397021660438,
    "Test MAE": 1.2997207183104296,
    "Test MRE": 0.03593554347753525,
    "Test STD": 0.20581921935081482,
    "Test MAE+2STD": 1.7113591570120592
}