{
    "Train MSE": 1.8266773774073675,
    "Train MAE": 1.2923101278451772,
    "Train MRE": 0.03573256272536058,
    "Train STD": 0.39862069487571716,
    "Train MAE+2STD": 2.0895515175966115,
    "Val MSE": 1.8266773774073675,
    "Val MAE": 1.2923101278451772,
    "Val MRE": 0.03573256272536058,
    "Val STD": 0.39862069487571716,
    "Val MAE+2STD": 2.0895515175966115,
    "Test MSE": 1.8266773774073675,
    "Test MAE": 1.2923101278451772,
    "Test MRE": 0.03573256272536058,
    "Test STD": 0.39862069487571716,
    "Test MAE+2STD": 2.0895515175966115
}