{
    "Train MSE": 2.7129581255071304,
    "Train MAE": 1.5860435331568998,
    "Train MRE": 0.040539165191790634,
    "Train Error": 1.5860435331568998,
    "Train STD": 0.44563838839530945,
    "Train MAE+2STD": 2.477320309947519,
    "Val MSE": 2.2249269485473633,
    "Val MAE": 1.433959722518921,
    "Val MRE": 0.03671876279016336,
    "Val Error": 1.433959722518921,
    "Val STD": 0.42714279890060425,
    "Val MAE+2STD": 2.2882453203201294,
    "Test MSE": 2.728337367375692,
    "Test MAE": 1.5888175169626872,
    "Test MRE": 0.04062450925509135,
    "Test Error": 1.5888175169626872,
    "Test STD": 0.44292840361595154,
    "Test MAE+2STD": 2.4746743241945905
}