{
    "Train MSE": 2.7000267225153305,
    "Train MAE": 1.5811983767677755,
    "Train MRE": 0.04041527452714303,
    "Train STD": 0.2921043336391449,
    "Train MAE+2STD": 2.1654070440460655,
    "Val MSE": 2.7000267225153305,
    "Val MAE": 1.5811983767677755,
    "Val MRE": 0.04041527452714303,
    "Val STD": 0.2921043336391449,
    "Val MAE+2STD": 2.1654070440460655,
    "Test MSE": 2.7000267225153305,
    "Test MAE": 1.5811983767677755,
    "Test MRE": 0.04041527452714303,
    "Test STD": 0.2921043336391449,
    "Test MAE+2STD": 2.1654070440460655
}