{
    "Train MSE": 1.8400929891146147,
    "Train MAE": 1.2979835546933687,
    "Train MRE": 0.035888322843955114,
    "Train STD": 0.2058192938566208,
    "Train MAE+2STD": 1.7096221424066103,
    "Val MSE": 1.8400929891146147,
    "Val MAE": 1.2979835546933687,
    "Val MRE": 0.035888322843955114,
    "Val STD": 0.2058192938566208,
    "Val MAE+2STD": 1.7096221424066103,
    "Test MSE": 1.8400929891146147,
    "Test MAE": 1.2979835546933687,
    "Test MRE": 0.035888322843955114,
    "Test STD": 0.2058192938566208,
    "Test MAE+2STD": 1.7096221424066103
}