{
    "Train MSE": 0.4886590710708073,
    "Train MAE": 0.5595395382569761,
    "Train MRE": 0.014656711806904296,
    "Train Error": 0.5271482212202889,
    "Train STD": 0.4596845209598541,
    "Train MAE+2STD": 1.4789085801766844,
    "Val MSE": 0.4813400038651058,
    "Val MAE": 0.5633820210184369,
    "Val MRE": 0.014763741088765008,
    "Val Error": 0.5328969359397888,
    "Val STD": 0.46508514881134033,
    "Val MAE+2STD": 1.4935523186411177,
    "Test MSE": 0.40132857646260944,
    "Test MAE": 0.5030292059694018,
    "Test MRE": 0.013195217254438571,
    "Test Error": 0.4752783903053829,
    "Test STD": 0.43697839975357056,
    "Test MAE+2STD": 1.3769860054765428
}