{
    "Train MSE": 0.2184665620326996,
    "Train MAE": 0.3815481781959534,
    "Train MRE": 0.010088776648044586,
    "Train Error": 0.2868801772594452,
    "Train STD": 0.3687032163143158,
    "Train MAE+2STD": 1.118954610824585,
    "Val MSE": 0.17949072923511267,
    "Val MAE": 0.3342380002140999,
    "Val MRE": 0.008839915972203016,
    "Val Error": 0.20317912846803665,
    "Val STD": 0.36577659845352173,
    "Val MAE+2STD": 1.0657911971211433,
    "Test MSE": 0.1846917662769556,
    "Test MAE": 0.33374688774347305,
    "Test MRE": 0.008827231707982719,
    "Test Error": 0.2604781724512577,
    "Test STD": 0.36802858114242554,
    "Test MAE+2STD": 1.0698040500283241
}