{
    "Train MSE": 0.2167124480009079,
    "Train MAE": 0.3796962773799896,
    "Train MRE": 0.010039789192378521,
    "Train STD": 0.3687032163143158,
    "Train MAE+2STD": 1.1171027100086213,
    "Val MSE": 0.2167124480009079,
    "Val MAE": 0.3796962773799896,
    "Val MRE": 0.010039789192378521,
    "Val STD": 0.3687032163143158,
    "Val MAE+2STD": 1.1171027100086213,
    "Test MSE": 0.2167124480009079,
    "Test MAE": 0.3796962773799896,
    "Test MRE": 0.010039789192378521,
    "Test STD": 0.3687032163143158,
    "Test MAE+2STD": 1.1171027100086213
}