{
    "Train MSE": 0.001222573226012021,
    "Train MAE": 0.027513398335311946,
    "Train MRE": 0.0007335709767458714,
    "Train Error": -4.739464336099409e-05,
    "Train STD": 0.03496528249220649,
    "Train Error+2STD": 0.06988317034105199,
    "Val MSE": 0.05893052658728312,
    "Val MAE": 0.18615118022080784,
    "Val MRE": 0.0049641889435161814,
    "Val Error": -0.002747808102430208,
    "Val STD": 0.24274055313835663,
    "Val Error+2STD": 0.48273329817428307,
    "Test MSE": 0.05360978572645017,
    "Test MAE": 0.18186821269828443,
    "Test MRE": 0.004855535202605559,
    "Test Error": -0.021611526074238056,
    "Test STD": 0.23052706493423433,
    "Test Error+2STD": 0.4394426037942306
}