{
    "Train MSE": 0.001222573226012021,
    "Train MAE": 0.027513398335311946,
    "Train MRE": 0.0007335709767458714,
    "Train STD": 0.03496528249220649,
    "Train MAE+2STD": 0.09744396331972494,
    "Val MSE": 0.05893052658728312,
    "Val MAE": 0.18615118022080784,
    "Val MRE": 0.0049641889435161814,
    "Val STD": 0.24274055313835663,
    "Val MAE+2STD": 0.671632286497521,
    "Test MSE": 0.05360978572645017,
    "Test MAE": 0.18186821269828443,
    "Test MRE": 0.004855535202605559,
    "Test STD": 0.23052706493423433,
    "Test MAE+2STD": 0.6429223425667531
}