{
    "Train MSE": 0.05484781907162722,
    "Train MAE": 0.17263939707747228,
    "Train MRE": 0.004603860814793736,
    "Train STD": 0.23419192629913108,
    "Train MAE+2STD": 0.6410232496757344,
    "Val MSE": 0.09573181402438977,
    "Val MAE": 0.23392960568342613,
    "Val MRE": 0.006237982582759256,
    "Val STD": 0.30937096547405746,
    "Val MAE+2STD": 0.852671536631541,
    "Test MSE": 0.09462319532027358,
    "Test MAE": 0.23135627435174833,
    "Test MRE": 0.006180043598081481,
    "Test STD": 0.30664300292032637,
    "Test MAE+2STD": 0.8446422801924011
}