{
    "Train MSE": 0.05484781907162722,
    "Train MAE": 0.17263939707747228,
    "Train MRE": 0.004603860814793736,
    "Train Error": -0.001400259950720164,
    "Train STD": 0.23419192629913108,
    "Train Error+2STD": 0.46698359264754197,
    "Val MSE": 0.09573181402438977,
    "Val MAE": 0.23392960568342613,
    "Val MRE": 0.006237982582759256,
    "Val Error": 0.00462814714970494,
    "Val STD": 0.30937096547405746,
    "Val Error+2STD": 0.6233700780978199,
    "Test MSE": 0.09462319532027358,
    "Test MAE": 0.23135627435174833,
    "Test MRE": 0.006180043598081481,
    "Test Error": -0.02435701295886448,
    "Test STD": 0.30664300292032637,
    "Test Error+2STD": 0.5889289928817882
}