{
    "Train MSE": 0.11761129913613212,
    "Train MAE": 0.30009598363907847,
    "Train MRE": 0.008006056806516778,
    "Train STD": 0.3427116751051239,
    "Train MAE+2STD": 0.9855193338493262,
    "Val MSE": 0.11638051930392708,
    "Val MAE": 0.30102359329412953,
    "Val MRE": 0.008028846466155561,
    "Val STD": 0.3410185126353783,
    "Val MAE+2STD": 0.9830606185648861,
    "Test MSE": 0.11618688042066308,
    "Test MAE": 0.29693869980123927,
    "Test MRE": 0.007931125645375759,
    "Test STD": 0.33821521927896286,
    "Test MAE+2STD": 0.9733691383591649
}