{
    "Train MSE": 0.11561137469944019,
    "Train MAE": 0.29774900673425575,
    "Train MRE": 0.00793948949291648,
    "Train STD": 0.339960014298831,
    "Train MAE+2STD": 0.9776690353319177,
    "Val MSE": 0.1163067626141405,
    "Val MAE": 0.3006902569945176,
    "Val MRE": 0.00801591052817065,
    "Val STD": 0.3409472001675416,
    "Val MAE+2STD": 0.9825846573296009,
    "Test MSE": 0.11308732255479612,
    "Test MAE": 0.2941785334392738,
    "Test MRE": 0.007853224699082543,
    "Test STD": 0.3355620752962405,
    "Test MAE+2STD": 0.9653026840317548
}