{
    "Train MSE": 0.11696093677556439,
    "Train MAE": 0.30027086894290184,
    "Train MRE": 0.008007982302042183,
    "Train STD": 0.3419953738690873,
    "Train MAE+2STD": 0.9842616166810765,
    "Val MSE": 0.11646045732482929,
    "Val MAE": 0.30152084912424265,
    "Val MRE": 0.008039426716883577,
    "Val STD": 0.3412559937405729,
    "Val MAE+2STD": 0.9840328366053885,
    "Test MSE": 0.11446287491844147,
    "Test MAE": 0.2960803969338453,
    "Test MRE": 0.007905145593036055,
    "Test STD": 0.33717211896756316,
    "Test MAE+2STD": 0.9704246348689716
}