{
    "Train MSE": 0.11561137469944019,
    "Train MAE": 0.29774900673425575,
    "Train MRE": 0.00793948949291648,
    "Train Error": 0.006209941817665852,
    "Train STD": 0.339960014298831,
    "Train Error+2STD": 0.6861299704153279,
    "Val MSE": 0.1163067626141405,
    "Val MAE": 0.3006902569945176,
    "Val MRE": 0.00801591052817065,
    "Val Error": 0.007859345523311618,
    "Val STD": 0.3409472001675416,
    "Val Error+2STD": 0.6897537458583948,
    "Test MSE": 0.11308732255479612,
    "Test MAE": 0.2941785334392738,
    "Test MRE": 0.007853224699082543,
    "Test Error": -0.022032162346813437,
    "Test STD": 0.3355620752962405,
    "Test Error+2STD": 0.6490919882456675
}