{
    "Train MSE": 0.1167936412442497,
    "Train MAE": 0.29961755621524255,
    "Train MRE": 0.007988723017338967,
    "Train STD": 0.3417120002692332,
    "Train MAE+2STD": 0.983041556753709,
    "Val MSE": 0.11381652948607865,
    "Val MAE": 0.29694579029811247,
    "Val MRE": 0.00791943221114802,
    "Val STD": 0.33735928186894326,
    "Val MAE+2STD": 0.971664354035999,
    "Test MSE": 0.11870202799880866,
    "Test MAE": 0.3061061305854157,
    "Test MRE": 0.008181667890061408,
    "Test STD": 0.3411586444354706,
    "Test MAE+2STD": 0.9884234194563569
}